Season,Team,conference,team_elos,game_scores,Rank,Total Home Attendance,Average Home Attendance,Home Percent Capacity,Average Road Attendance,Road Percent Capacity,Overall Average Attendance,Overall Percent Capacity,GP,W,L
1996,76ers,E,1282.5806402439025,94.46341463414635,28,"489,327","11,934",--,"17,661",--,"14,798",--,82,22,60
1996,Bucks,E,1378.2595597560971,95.57317073170732,22,"647,088","15,782",--,"16,577",--,"16,179",--,82,33,49
1996,Bulls,E,1744.261468,103.78,2,"969,149","23,637",--,"19,919",--,"21,778",--,82,69,13
1996,Cavaliers,E,1516.0722505882354,90.72941176470589,11,"730,095","17,807",--,"16,620",--,"17,213",--,82,42,40
1996,Celtics,E,1416.7910914634147,103.59756097560975,9,"732,841","17,874",--,"17,222",--,"17,548",--,82,15,67
1996,Clippers,W,1381.739795121951,99.42682926829268,29,"414,560","10,111",--,"16,492",--,"13,301",--,82,36,46
1996,Hawks,E,1527.9480739130433,97.67391304347827,14,"704,489","17,182",--,"16,278",--,"16,730",--,82,56,26
1996,Heat,E,1480.4957811764707,96.0,27,"496,669","12,113",--,"17,416",--,"14,765",--,82,14,68
1996,Hornets,W,1497.5891743902441,102.8170731707317,25,"606,091","14,782",--,"17,400",--,"16,091",--,82,56,26
1996,Jazz,W,1641.5933699999996,101.18,5,"813,073","19,831",--,"17,170",--,"18,500",--,82,61,21
1996,Kings,W,1454.617547674419,99.0,12,"709,997","17,317",--,"16,123",--,"16,720",--,82,54,28
1996,Lakers,W,1573.4666802325576,102.52325581395348,7,"810,283","19,763",--,"18,329",--,"19,046",--,82,64,18
1996,Magic,E,1620.1441234042554,103.72340425531915,21,"649,634","15,844",--,"18,339",--,"17,092",--,82,34,48
1996,Mavericks,W,1392.8275914634146,102.54878048780488,13,"707,168","17,248",--,"19,326",--,"18,287",--,82,57,25
1996,NY Knicks,E,1567.4813000000004,96.44444444444444,17,"684,138","16,686",--,"17,199",--,"16,942",--,82,45,37
1996,Nets,E,1395.8121317073176,93.70731707317073,23,"638,144","15,564",--,"16,554",--,"16,059",--,82,24,58
1996,Nuggets,W,1469.251375609756,97.71951219512195,18,"675,426","16,473",--,"16,524",--,"16,498",--,82,26,56
1996,Pacers,E,1590.3298080459767,98.60919540229885,19,"673,967","16,438",--,"17,435",--,"16,936",--,82,21,61
1996,Pistons,E,1475.858317647059,95.16470588235295,1,"985,722","24,042",--,"16,830",--,"20,436",--,82,39,43
1996,Raptors,E,1299.4182280487807,97.48780487804878,10,"730,573","17,818",--,"17,454",--,"17,636",--,82,54,28
1996,Rockets,W,1596.499256666666,102.06666666666666,3,"950,330","23,178",--,"16,508",--,"19,843",--,82,30,52
1996,Spurs,W,1642.494316304348,102.3804347826087,20,"667,685","16,285",--,"17,794",--,"17,039",--,82,57,25
1996,Suns,W,1531.4473627906975,104.03488372093024,6,"811,422","19,790",--,"17,065",--,"18,428",--,82,20,62
1996,Thunder,W,1674.2875990291263,102.41747572815534,8,"779,943","19,023",--,"18,160",--,"18,591",--,82,40,42
1996,Timberwolves,W,1352.322213414634,97.85365853658537,15,"697,301","17,007",--,"17,285",--,"17,146",--,82,57,25
1996,Trailblazers,W,1513.2677114942528,98.77011494252874,26,"585,669","14,284",--,"16,201",--,"15,243",--,82,40,42
1996,VAN,W,1234.1214195121952,89.78048780487805,4,"850,338","20,739",--,"16,460",--,"18,600",--,82,49,33
1996,Warriors,W,1435.0210073170736,101.63414634146342,24,"616,025","15,025",--,"16,761",--,"15,893",--,82,30,52
1996,Wizards,W,1453.5084304878044,102.53658536585365,16,"688,354","16,789",--,"17,262",--,"17,025",--,82,44,38
1997,76ers,E,1326.0569902439026,100.1829268292683,23,"626,478","15,279",--,"17,624",--,"16,452",--,82,31,51
1997,Bucks,E,1428.6864060975608,95.34146341463415,22,"636,083","15,514",--,"17,321",--,"16,417",--,82,36,46
1997,Bulls,E,1788.6395405940596,101.14851485148515,2,"978,455","23,864",--,"20,059",--,"21,962",--,82,62,20
1997,Cavaliers,E,1539.8437768292679,87.47560975609755,16,"692,684","16,894",--,"16,455",--,"16,675",--,82,47,35
1997,Celtics,E,1339.36103902439,100.58536585365853,20,"664,022","16,195",--,"17,064",--,"16,629",--,82,36,46
1997,Clippers,W,1422.953783529412,97.01176470588236,29,"400,637","9,771",--,"16,397",--,"13,084",--,82,17,65
1997,Hawks,E,1610.3832032608695,94.17391304347827,17,"679,422","16,571",--,"15,220",--,"15,895",--,82,61,21
1997,Heat,E,1625.040848484848,93.3030303030303,27,"585,793","14,287",--,"17,052",--,"15,670",--,82,19,63
1997,Hornets,W,1545.7577447058825,98.76470588235294,26,"615,160","15,003",--,"17,564",--,"16,284",--,82,50,32
1997,Jazz,W,1688.4449049019604,101.72549019607843,5,"811,439","19,791",--,"16,888",--,"18,339",--,82,55,27
1997,Kings,W,1413.9996890243908,96.4390243902439,10,"709,997","17,317",--,"15,860",--,"16,588",--,82,51,31
1997,Lakers,W,1606.8262318681323,99.52747252747253,6,"810,283","19,763",--,"18,434",--,"19,098",--,82,62,20
1997,Magic,E,1536.9846896551724,93.5632183908046,15,"697,159","17,003",--,"19,014",--,"18,009",--,82,27,55
1997,Mavericks,W,1345.3295670731704,90.6219512195122,9,"726,597","17,721",--,"18,304",--,"18,013",--,82,43,39
1997,NY Knicks,E,1590.4015499999998,94.90217391304348,25,"619,178","15,101",--,"15,894",--,"15,498",--,82,41,41
1997,Nets,E,1358.4249621951217,97.2439024390244,18,"670,628","16,356",--,"17,347",--,"16,852",--,82,20,62
1997,Nuggets,W,1361.8408865853655,97.8048780487805,28,"461,408","11,253",--,"16,678",--,"13,966",--,82,43,39
1997,Pacers,E,1538.1001829268291,95.35365853658537,21,"636,735","15,530",--,"17,330",--,"16,430",--,82,11,71
1997,Pistons,E,1604.3084954022986,93.6896551724138,1,"985,722","24,042",--,"16,616",--,"20,329",--,82,58,24
1997,Raptors,E,1370.1560256097562,95.47560975609755,4,"820,585","20,014",--,"17,280",--,"18,647",--,82,37,45
1997,Rockets,W,1590.4197551020409,100.70408163265306,8,"748,927","18,266",--,"16,560",--,"17,413",--,82,16,66
1997,Spurs,W,1377.812093902439,90.46341463414635,19,"667,685","16,285",--,"18,413",--,"17,349",--,82,41,41
1997,Suns,W,1478.2323344827591,102.66666666666667,11,"706,641","17,235",--,"16,557",--,"16,896",--,82,56,26
1997,Thunder,W,1658.029514893617,101.43617021276596,7,"779,943","19,023",--,"16,503",--,"17,763",--,82,56,26
1997,Timberwolves,W,1431.1256035294123,96.24705882352941,13,"699,952","17,072",--,"17,359",--,"17,215",--,82,61,21
1997,Trailblazers,W,1547.8243162790695,98.52325581395348,14,"697,727","17,017",--,"16,299",--,"16,658",--,82,45,37
1997,VAN,W,1236.7102390243901,89.1829268292683,3,"852,799","20,799",--,"15,996",--,"18,398",--,82,46,36
1997,Warriors,W,1408.4688280487806,99.64634146341463,24,"621,844","15,166",--,"16,140",--,"15,653",--,82,19,63
1997,Wizards,W,1507.4369494117645,99.2,12,"700,646","17,088",--,"16,991",--,"17,040",--,82,42,40
1998,76ers,E,1392.473040243903,93.3048780487805,21,"655,417","15,985",--,"17,403",--,"16,694",--,50,28,22
1998,Bucks,E,1457.0754792682926,94.48780487804878,23,"638,034","15,561",--,"16,439",--,"16,000",--,50,28,22
1998,Bulls,E,1713.190980582524,95.99029126213593,1,"983,517","23,988",--,"21,969",--,"22,978",--,50,13,37
1998,Cavaliers,E,1555.8893186046507,91.95348837209302,16,"694,629","16,942",--,"16,892",--,"16,917",--,50,22,28
1998,Celtics,E,1399.5524365853662,95.90243902439025,10,"743,422","18,132",--,"17,913",--,"18,022",--,50,19,31
1998,Clippers,W,1328.3683341463413,95.91463414634147,29,"408,693","9,968",--,"15,851",--,"12,909",--,50,9,41
1998,Hawks,E,1589.7803069767438,95.46511627906976,20,"660,457","16,108",--,"15,504",--,"15,806",--,50,31,19
1998,Heat,E,1630.1720724137936,94.52873563218391,13,"715,452","17,450",--,"17,047",--,"17,248",--,50,8,42
1998,Hornets,W,1567.960146153846,95.25274725274726,24,"614,861","14,996",--,"17,573",--,"16,285",--,50,31,19
1998,Jazz,W,1683.9131607843133,98.6078431372549,4,"815,889","19,899",--,"17,851",--,"18,875",--,50,33,17
1998,Kings,W,1416.6776378048776,93.13414634146342,25,"605,443","14,766",--,"16,106",--,"15,436",--,50,26,24
1998,Lakers,W,1656.8773252631574,104.78947368421052,5,"810,283","19,763",--,"18,397",--,"19,080",--,50,37,13
1998,Magic,E,1479.8246731707325,90.08536585365853,17,"691,994","16,877",--,"18,829",--,"17,853",--,50,27,23
1998,Mavericks,W,1314.5713024390252,91.39024390243902,14,"701,647","17,113",--,"17,142",--,"17,127",--,50,27,23
1998,NY Knicks,E,1576.5528989130432,91.25,26,"541,545","13,208",--,"15,791",--,"14,500",--,50,33,17
1998,Nets,E,1503.423895294118,99.47058823529412,12,"718,523","17,524",--,"16,803",--,"17,163",--,50,19,31
1998,Nuggets,W,1225.1040353658536,89.02439024390245,28,"483,791","11,799",--,"15,724",--,"13,761",--,50,16,34
1998,Pacers,E,1627.5006397959187,95.3265306122449,22,"645,302","15,739",--,"17,998",--,"16,868",--,50,14,36
1998,Pistons,E,1525.5753475609756,94.15853658536585,2,"959,634","23,405",--,"17,008",--,"20,207",--,50,33,17
1998,Raptors,E,1327.9629658536583,94.89024390243902,7,"794,567","19,379",--,"17,556",--,"18,468",--,50,29,21
1998,Rockets,W,1534.0587862068965,97.95402298850574,18,"675,225","16,468",--,"16,571",--,"16,519",--,50,23,27
1998,Spurs,W,1527.2310274725273,92.45054945054945,19,"667,685","16,285",--,"17,999",--,"17,142",--,50,31,19
1998,Suns,W,1572.8066186046512,99.27906976744185,8,"783,455","19,108",--,"16,833",--,"17,971",--,50,37,13
1998,Thunder,W,1650.7886684782611,99.97826086956522,9,"779,943","19,023",--,"16,539",--,"17,781",--,50,27,23
1998,Timberwolves,W,1481.6923252873564,100.47126436781609,15,"699,952","17,072",--,"17,020",--,"17,046",--,50,25,25
1998,Trailblazers,W,1548.4381895348836,94.56976744186046,11,"738,572","18,013",--,"16,640",--,"17,327",--,50,25,25
1998,VAN,W,1281.0991329268295,96.6219512195122,3,"843,647","20,576",--,"16,689",--,"18,633",--,50,35,15
1998,Warriors,W,1299.0450036585362,88.2560975609756,27,"500,260","12,201",--,"16,063",--,"14,132",--,50,21,29
1998,Wizards,E,1524.3472756097565,97.1829268292683,6,"801,240","19,542",--,"16,742",--,"18,142",--,50,18,32
1999,76ers,E,1531.2401706896553,89.60344827586206,11,"436,444","17,457",--,"18,335",--,"17,896",--,82,49,33
1999,Bucks,E,1502.5075283018864,91.88679245283019,22,"381,948","15,277",--,"16,046",--,"15,661",--,82,42,40
1999,Bulls,E,1496.7912919999999,81.9,1,"560,012","22,400",--,"15,369",--,"18,885",--,82,17,65
1999,Cavaliers,E,1523.9462219999998,86.44,25,"352,992","14,119",--,"17,927",--,"16,023",--,82,32,50
1999,Celtics,E,1434.9575699999998,93.0,9,"440,602","17,624",--,"16,616",--,"17,120",--,82,35,47
1999,Clippers,W,1277.2081579999997,90.38,29,"256,568","10,262",--,"16,222",--,"13,242",--,82,15,67
1999,Hawks,E,1584.0312898305087,85.28813559322033,16,"417,966","16,718",--,"15,776",--,"16,247",--,82,67,15
1999,Heat,E,1604.3745018181812,88.07272727272728,27,"331,831","13,273",--,"16,023",--,"14,648",--,82,22,60
1999,Hornets,W,1511.1367980000005,92.88,23,"378,813","15,152",--,"17,414",--,"16,283",--,82,28,54
1999,Jazz,W,1677.7042704918033,92.57377049180327,4,"493,120","19,724",--,"17,902",--,"18,813",--,82,52,30
1999,Kings,W,1422.5335145454542,99.30909090909091,15,"418,751","16,750",--,"16,193",--,"16,471",--,82,49,33
1999,Lakers,W,1619.3015724137933,98.3103448275862,3,"494,075","19,763",--,"18,249",--,"19,006",--,82,55,27
1999,Magic,E,1561.2457296296297,89.22222222222223,12,"430,007","17,200",--,"19,448",--,"18,324",--,82,44,38
1999,Mavericks,W,1373.1539660000003,91.62,18,"411,091","16,443",--,"17,414",--,"16,929",--,82,50,32
1999,NY Knicks,E,1558.1741328571431,86.0,24,"362,837","14,513",--,"16,312",--,"15,413",--,82,41,41
1999,Nets,E,1434.21348,91.38,17,"415,353","16,614",--,"16,640",--,"16,627",--,82,40,42
1999,Nuggets,W,1295.301208,93.48,28,"296,965","11,878",--,"16,751",--,"14,315",--,82,31,51
1999,Pacers,E,1628.2709888888885,94.44444444444444,20,"404,536","16,181",--,"17,906",--,"17,043",--,82,35,47
1999,Pistons,E,1566.9640981818177,89.34545454545454,6,"480,807","19,232",--,"15,568",--,"17,400",--,82,56,26
1999,Raptors,E,1396.8490299999996,91.14,8,"444,585","17,783",--,"17,477",--,"17,630",--,82,42,40
1999,Rockets,W,1518.0305962962966,94.42592592592592,10,"439,190","17,567",--,"15,799",--,"16,683",--,82,45,37
1999,Spurs,W,1654.838823880597,91.68656716417911,19,"407,125","16,285",--,"17,559",--,"16,922",--,82,34,48
1999,Suns,W,1547.2944113207548,95.39622641509433,2,"527,357","21,094",--,"16,259",--,"18,677",--,82,53,29
1999,Thunder,W,1530.414272000001,94.86,7,"472,283","18,891",--,"15,718",--,"17,304",--,82,53,29
1999,Timberwolves,W,1507.4150203703705,92.01851851851852,14,"426,800","17,072",--,"16,628",--,"16,850",--,82,45,37
1999,Trailblazers,W,1586.7985126984129,93.04761904761905,13,"427,974","17,118",--,"16,218",--,"16,668",--,82,50,32
1999,VAN,W,1266.5594979999998,88.86,5,"486,556","19,462",--,"16,406",--,"17,934",--,82,59,23
1999,Warriors,W,1389.8050340000002,88.32,26,"335,837","13,433",--,"15,534",--,"14,484",--,82,19,63
1999,Wizards,E,1473.8099900000002,91.2,21,"402,481","16,099",--,"15,674",--,"15,886",--,82,29,53
2000,76ers,E,1536.2283913043484,94.70652173913044,8,"756,929","18,461",--,"17,206",--,"17,842",--,82,56,26
2000,Bucks,E,1517.1392160919545,100.91954022988506,19,"613,731","15,343",--,"16,499",--,"15,928",--,82,52,30
2000,Bulls,E,1307.1333475609756,84.78048780487805,1,"884,739","22,118",--,"16,270",--,"19,194",--,82,15,67
2000,Cavaliers,E,1433.2596829268289,96.95121951219512,24,"589,221","14,730",--,"16,653",--,"15,691",--,82,30,52
2000,Celtics,E,1459.9537024390247,99.34146341463415,15,"664,882","16,622",--,"16,802",--,"16,712",--,82,36,46
2000,Clippers,W,1276.9904292682934,92.02439024390245,28,"540,750","13,518",--,"15,912",--,"14,715",--,82,31,51
2000,Hawks,E,1447.5933231707318,94.32926829268293,27,"569,864","13,899",--,"16,035",--,"14,954",--,82,56,26
2000,Heat,E,1586.0038141304344,93.16304347826087,23,"589,826","14,745",--,"16,240",--,"15,493",--,82,23,59
2000,Hornets,W,1561.001450000001,98.1046511627907,13,"687,615","17,190",--,"16,880",--,"17,035",--,82,25,57
2000,Jazz,W,1605.6398402173913,95.6195652173913,5,"781,357","19,533",--,"17,094",--,"18,314",--,82,50,32
2000,Kings,W,1536.3408137931037,104.47126436781609,12,"702,716","17,567",--,"18,459",--,"18,013",--,82,46,36
2000,Lakers,W,1679.2352695238103,100.5904761904762,4,"790,520","19,763",--,"18,556",--,"19,159",--,82,53,29
2000,Magic,E,1510.4758560975606,100.07317073170732,7,"771,410","18,814",--,"19,237",--,"19,020",--,82,55,27
2000,Mavericks,W,1456.9267926829273,101.41463414634147,26,"559,864","13,996",--,"16,224",--,"15,124",--,82,48,34
2000,NY Knicks,E,1580.3470602040818,90.87755102040816,25,"587,987","14,699",--,"15,818",--,"15,259",--,82,43,39
2000,Nets,E,1452.8080329268291,98.0,17,"627,421","15,685",--,"16,464",--,"16,075",--,82,53,29
2000,Nuggets,W,1406.1286987804883,98.96341463414635,18,"621,296","15,532",--,"16,122",--,"15,827",--,82,26,56
2000,Pacers,E,1626.8970552380952,100.5904761904762,10,"733,800","18,345",--,"17,119",--,"17,724",--,82,40,42
2000,Pistons,E,1543.6416023529412,102.61176470588235,11,"713,989","17,849",--,"16,400",--,"17,125",--,82,41,41
2000,Raptors,E,1496.5656623529421,96.69411764705882,16,"661,699","16,542",--,"16,946",--,"16,744",--,82,32,50
2000,Rockets,W,1460.8222756097557,99.46341463414635,9,"756,496","18,451",--,"17,724",--,"18,096",--,82,47,35
2000,Spurs,W,1655.9616034883725,95.5,20,"608,309","15,207",--,"16,738",--,"15,973",--,82,45,37
2000,Suns,W,1593.885824175824,97.76923076923077,2,"859,997","21,499",--,"16,805",--,"19,123",--,82,58,24
2000,Thunder,W,1512.9441712643682,98.74712643678161,6,"754,092","18,852",--,"17,179",--,"18,016",--,82,51,31
2000,Timberwolves,W,1519.958124418605,97.90697674418605,21,"600,357","15,008",--,"16,340",--,"15,674",--,82,44,38
2000,Trailblazers,W,1651.6312081632657,96.64285714285714,14,"673,193","16,829",--,"17,148",--,"16,991",--,82,47,35
2000,VAN,W,1319.8891939024393,93.92682926829268,3,"814,665","20,366",--,"17,803",--,"19,085",--,82,50,32
2000,Warriors,W,1354.159603658537,95.53658536585365,29,"494,940","12,373",--,"15,821",--,"14,118",--,82,17,65
2000,Wizards,E,1415.3676707317077,96.59756097560975,22,"599,289","14,982",--,"16,198",--,"15,590",--,82,19,63
2001,76ers,E,1609.695389523809,94.16190476190476,5,"805,692","19,651",--,"18,582",--,"19,116",--,82,43,39
2001,Bucks,E,1567.564848,99.82,13,"683,125","16,661",--,"16,584",--,"16,623",--,82,41,41
2001,Bulls,E,1262.6468743902437,87.57317073170732,2,"888,654","21,674",--,"16,336",--,"19,005",--,82,21,61
2001,Cavaliers,E,1415.925218292683,92.20731707317073,16,"650,775","15,872",--,"16,064",--,"15,968",--,82,29,53
2001,Celtics,E,1448.9778719512196,94.6219512195122,19,"629,201","15,346",--,"16,436",--,"15,891",--,82,49,33
2001,Clippers,W,1358.1049804878048,92.45121951219512,24,"599,448","14,620",--,"15,823",--,"15,222",--,82,39,43
2001,Hawks,E,1355.3075804878042,90.96341463414635,27,"563,218","13,737",--,"15,822",--,"14,779",--,82,58,24
2001,Heat,E,1569.9280352941178,88.51764705882353,28,"560,324","13,666",--,"16,403",--,"15,035",--,82,23,59
2001,Hornets,W,1567.9856641304357,92.34782608695652,15,"677,186","16,516",--,"17,046",--,"16,781",--,82,33,49
2001,Jazz,W,1610.0356494252876,96.63218390804597,7,"792,196","19,321",--,"16,989",--,"18,155",--,82,36,46
2001,Kings,W,1622.1300366666662,101.37777777777778,12,"709,997","17,317",--,"18,438",--,"17,877",--,82,44,38
2001,Lakers,W,1635.3867102040822,101.07142857142857,4,"810,283","19,763",--,"17,680",--,"18,721",--,82,44,38
2001,Magic,E,1512.1596813953488,97.70930232558139,8,"776,336","18,935",--,"19,628",--,"19,281",--,82,61,21
2001,Mavericks,W,1583.7888010869565,99.57608695652173,23,"605,031","14,756",--,"16,810",--,"15,783",--,82,30,52
2001,NY Knicks,E,1541.8802356321837,88.73563218390805,14,"680,138","16,588",--,"15,761",--,"16,175",--,82,44,38
2001,Nets,E,1391.4590658536588,92.09756097560975,26,"566,077","13,806",--,"16,085",--,"14,946",--,82,57,25
2001,Nuggets,W,1468.6875390243908,96.5609756097561,20,"619,300","15,104",--,"16,403",--,"15,754",--,82,52,30
2001,Pacers,E,1519.2948999999999,92.32558139534883,10,"733,444","17,888",--,"16,508",--,"17,198",--,82,27,55
2001,Pistons,E,1447.7255902439022,95.57317073170732,21,"615,424","15,010",--,"16,500",--,"15,755",--,82,42,40
2001,Raptors,E,1529.844809574468,96.94680851063829,22,"607,323","14,812",--,"16,397",--,"15,604",--,82,50,32
2001,Rockets,W,1541.5601499999998,97.21951219512195,6,"793,256","19,347",--,"17,611",--,"18,479",--,82,42,40
2001,Spurs,W,1664.2907094736834,95.53684210526316,29,"518,555","12,647",--,"16,714",--,"14,680",--,82,28,54
2001,Suns,W,1581.4167441860466,93.76744186046511,1,"913,175","22,272",--,"16,690",--,"19,481",--,82,58,24
2001,Thunder,W,1515.759324390244,97.29268292682927,9,"737,586","17,989",--,"17,157",--,"17,573",--,82,36,46
2001,Timberwolves,W,1549.9985313953491,96.62790697674419,17,"640,847","15,630",--,"16,497",--,"16,063",--,82,45,37
2001,Trailblazers,W,1629.8685423529405,95.18823529411765,11,"717,371","17,496",--,"16,787",--,"17,142",--,82,50,32
2001,VAN,W,1376.9194,91.73170731707317,3,"831,385","20,277",--,"17,037",--,"18,657",--,82,49,33
2001,Warriors,W,1326.936695121951,92.48780487804878,25,"591,981","14,438",--,"16,058",--,"15,248",--,82,21,61
2001,Wizards,E,1349.9587475609756,93.23170731707317,18,"638,653","15,576",--,"15,872",--,"15,724",--,82,37,45
2002,76ers,E,1542.5523344827584,90.8735632183908,3,"842,976","20,560",100.6,"18,720",130.5,"19,640",112.9,82,48,34
2002,Bucks,E,1549.5378109756102,97.51219512195122,12,"745,305","18,178",97.1,"17,043",113.3,"17,610",104.3,82,42,40
2002,Bulls,E,1292.6427780487804,89.45121951219512,9,"776,311","18,934",87.2,"16,000",107.9,"17,467",95.6,82,30,52
2002,Cavaliers,E,1388.2052146341466,95.26829268292683,23,"596,115","14,539",70.7,"15,809",102.8,"15,174",84.4,82,17,65
2002,Celtics,E,1530.3350897959194,95.5204081632653,18,"659,751","16,091",86.4,"17,576",117.0,"16,833",100.1,82,44,38
2002,Clippers,W,1498.56986097561,95.6829268292683,13,"740,185","18,053",--,"16,569",120.8,"17,311",252.3,82,27,55
2002,Grizzlies,W,1342.825458536585,89.90243902439025,25,"591,030","14,415",--,"15,841",115.5,"15,128",220.5,82,50,32
2002,Hawks,E,1388.1355097560968,94.03658536585365,27,"506,110","12,344",--,"16,315",102.7,"14,329",180.3,82,28,54
2002,Heat,E,1452.4142707317073,87.1951219512195,19,"655,549","15,989",81.6,"16,702",112.5,"16,345",94.9,82,35,47
2002,Hornets,W,1529.51350989011,94.12087912087912,10,"766,108","18,685",93.8,"16,667",130.7,"17,676",108.2,82,25,57
2002,Jazz,W,1554.410295348837,95.61627906976744,15,"709,997","17,317",100.0,"17,701",137.5,"17,509",116.0,82,47,35
2002,Kings,W,1665.2071265306122,104.03061224489795,5,"810,283","19,763",102.5,"17,082",114.2,"18,422",107.6,82,59,23
2002,Lakers,W,1693.717247524752,100.62376237623762,8,"778,877","18,997",98.5,"20,102",157.3,"19,549",121.9,82,37,45
2002,Magic,E,1524.5113337209302,100.17441860465117,22,"621,121","15,149",87.8,"17,345",115.6,"16,247",100.7,82,42,40
2002,Mavericks,W,1618.0213577777781,105.56666666666666,6,"802,783","19,580",--,"17,049",124.3,"18,314",267.0,82,60,22
2002,NY Knicks,E,1432.8021548780494,91.63414634146342,26,"564,194","13,760",68.8,"16,403",109.7,"15,082",86.3,82,49,33
2002,Nets,E,1532.567428431372,96.03921568627452,20,"633,846","15,459",--,"16,396",119.5,"15,928",232.2,82,17,65
2002,Nuggets,W,1412.629798780488,92.1829268292683,16,"686,537","16,744",91.3,"16,677",111.1,"16,711",100.2,82,48,34
2002,Pacers,E,1496.1568321839084,96.50574712643679,29,"462,738","11,286",47.4,"16,457",111.5,"13,871",71.9,82,47,35
2002,Pistons,E,1520.536408695652,93.09782608695652,11,"760,807","18,556",84.1,"16,417",110.7,"17,486",94.8,82,50,32
2002,Raptors,E,1520.003,90.95402298850574,4,"811,135","19,783",99.9,"17,200",111.6,"18,492",105.0,82,24,58
2002,Rockets,W,1456.7715243902442,92.34146341463415,28,"481,227","11,737",--,"16,551",120.6,"14,144",206.2,82,43,39
2002,Spurs,W,1658.3317641304343,96.1195652173913,1,"906,390","22,107",--,"17,248",125.7,"19,677",286.8,82,60,22
2002,Suns,W,1521.167854878049,95.14634146341463,17,"668,939","16,315",85.8,"16,765",131.0,"16,540",104.0,82,44,38
2002,Thunder,W,1567.6154494252874,97.06896551724138,21,"633,516","15,451",90.5,"16,013",124.2,"15,732",105.0,82,40,42
2002,Timberwolves,W,1591.323963529412,99.4235294117647,14,"731,673","17,845",93.9,"16,961",132.6,"17,403",109.5,82,51,31
2002,Trailblazers,W,1564.2717329411767,96.45882352941176,7,"797,821","19,459",97.4,"16,483",129.3,"17,971",109.8,82,50,32
2002,Warriors,W,1331.5438036585367,97.67073170731707,24,"593,182","14,467",73.8,"16,202",126.9,"15,335",94.8,82,38,44
2002,Wizards,E,1426.1780268292682,92.79268292682927,2,"847,634","20,674",--,"19,939",121.7,"20,306",247.9,82,37,45
2003,76ers,E,1550.858809574468,96.23404255319149,4,"807,097","19,685",96.3,"18,408",122.0,"19,046",107.2,82,33,49
2003,Bucks,E,1482.206253409091,99.375,17,"665,966","16,243",86.8,"16,327",107.8,"16,285",96.2,82,41,41
2003,Bulls,E,1364.2428914634143,94.95121951219512,5,"804,303","19,617",90.4,"16,268",108.6,"17,942",97.8,82,23,59
2003,Cavaliers,E,1316.749458536586,91.40243902439025,29,"471,374","11,496",55.9,"16,087",107.1,"13,792",77.5,82,35,47
2003,Celtics,E,1521.8609673913045,92.8804347826087,13,"709,049","17,293",92.9,"17,263",111.1,"17,278",101.2,82,36,46
2003,Clippers,W,1425.5222134146338,93.8170731707317,14,"706,471","17,231",--,"16,276",112.5,"16,753",231.7,82,28,54
2003,Grizzlies,W,1386.7209024390243,97.5,24,"611,322","14,910",--,"16,277",112.5,"15,593",215.6,82,56,26
2003,Hawks,E,1423.2803256097563,94.07317073170732,28,"528,655","12,894",--,"16,294",101.3,"14,594",181.4,82,50,32
2003,Heat,E,1418.229819512195,85.5609756097561,22,"628,242","15,322",78.2,"15,844",105.5,"15,583",90.0,82,28,54
2003,Jazz,W,1557.6571931034482,94.5632183908046,7,"786,034","19,171",96.3,"16,585",122.9,"17,878",107.0,82,42,40
2003,Kings,W,1667.3842648936168,102.52127659574468,12,"709,997","17,317",100.0,"17,924",131.6,"17,620",113.9,82,42,40
2003,Lakers,W,1602.587070212766,100.35106382978724,8,"779,479","19,011",98.6,"17,104",113.5,"18,058",105.1,82,55,27
2003,Magic,E,1497.4846752808992,97.65168539325843,9,"777,888","18,972",98.4,"19,107",141.3,"19,040",116.1,82,39,43
2003,Mavericks,W,1690.3159294117647,103.19607843137256,26,"605,901","14,778",85.7,"17,305",114.4,"16,041",99.1,82,21,61
2003,NY Knicks,E,1442.3498670731706,95.85365853658537,3,"816,429","19,912",--,"17,618",121.8,"18,765",259.5,82,52,30
2003,Nets,E,1596.1890058823535,95.02941176470588,23,"622,574","15,184",76.0,"16,956",112.4,"16,070",91.6,82,47,35
2003,Nuggets,W,1336.392075609756,84.15853658536585,25,"607,813","14,824",--,"16,299",112.7,"15,562",215.2,82,43,39
2003,Pacers,E,1552.4837329545453,96.44318181818181,15,"670,461","16,352",89.1,"16,856",110.9,"16,604",99.0,82,61,21
2003,Pelicans,W,1542.7082,93.81818181818181,19,"641,683","15,650",91.0,"16,481",105.2,"16,066",97.8,82,41,41
2003,Pistons,E,1586.1087484848483,91.12121212121212,1,"839,278","20,470",92.7,"16,053",107.4,"18,261",98.7,82,54,28
2003,Raptors,E,1396.0576670731705,90.89024390243902,10,"777,507","18,963",95.8,"16,509",109.7,"17,736",101.8,82,33,49
2003,Rockets,W,1501.5162926829266,93.7560975609756,27,"565,166","13,784",--,"17,919",123.9,"15,851",219.2,82,45,37
2003,Spurs,W,1663.9661726415088,95.5754716981132,11,"735,970","17,950",97.0,"16,559",122.1,"17,255",107.6,82,57,25
2003,Suns,W,1523.1982874999994,94.82954545454545,16,"666,559","16,257",85.5,"16,318",120.6,"16,288",100.1,82,29,53
2003,Thunder,W,1510.8633341463412,92.13414634146342,20,"637,194","15,541",91.0,"16,243",119.2,"15,892",103.5,82,37,45
2003,Timberwolves,W,1561.5951272727273,98.2840909090909,18,"643,684","15,699",82.6,"16,657",123.1,"16,178",99.4,82,58,24
2003,Trailblazers,W,1587.058150561798,95.64044943820225,6,"796,250","19,420",97.2,"16,458",122.0,"17,939",107.2,82,41,41
2003,Warriors,W,1439.033481707317,102.4390243902439,21,"634,935","15,486",79.0,"16,297",120.7,"15,891",96.0,82,37,45
2003,Wizards,E,1472.8024195121957,91.48780487804878,2,"827,092","20,172",--,"19,311",120.3,"19,742",246.0,82,25,57
2004,76ers,E,1475.3504109756097,87.98780487804878,4,"788,128","19,222",94.0,"17,672",114.0,"18,447",102.6,82,43,39
2004,Bucks,E,1513.4091459770116,97.32183908045977,14,"690,180","16,833",89.9,"16,213",104.1,"16,523",96.4,82,30,52
2004,Bulls,E,1354.4729195121954,89.6951219512195,3,"809,177","19,736",90.9,"16,517",106.9,"18,126",97.6,82,47,35
2004,Cavaliers,E,1384.709492682927,92.91463414634147,9,"749,790","18,287",88.9,"18,755",121.2,"18,521",102.8,82,42,40
2004,Celtics,E,1457.1560290697678,94.75581395348837,20,"664,248","16,201",87.0,"16,955",109.3,"16,578",97.1,82,45,37
2004,Clippers,W,1428.5291170731707,94.76829268292683,19,"665,396","16,229",--,"16,258",108.8,"16,243",217.3,82,37,45
2004,Grizzlies,W,1541.556879069767,96.09302325581395,25,"622,723","15,188",--,"16,695",108.7,"15,941",207.5,82,34,48
2004,Hawks,E,1400.8164207317075,92.8170731707317,29,"565,728","13,798",--,"16,282",98.9,"15,040",182.7,82,45,37
2004,Heat,E,1455.2170452631574,89.42105263157895,24,"624,809","15,239",77.8,"16,524",106.5,"15,881",90.4,82,13,69
2004,Jazz,W,1497.3999378048784,88.67073170731707,6,"785,330","19,154",96.2,"16,537",114.9,"17,845",104.0,82,59,23
2004,Kings,W,1649.2497882978719,101.86170212765957,13,"709,997","17,317",100.0,"17,813",122.7,"17,565",110.3,82,26,56
2004,Lakers,W,1631.251949038461,96.0673076923077,5,"785,739","19,164",99.4,"17,589",109.8,"18,376",104.1,82,50,32
2004,Magic,E,1373.4191499999997,94.03658536585365,7,"777,757","18,969",98.4,"19,380",134.4,"19,175",113.8,82,33,49
2004,Mavericks,W,1617.0567068965513,104.8735632183908,27,"589,144","14,369",83.3,"16,793",107.5,"15,581",94.8,82,36,46
2004,NY Knicks,E,1460.09188372093,91.6046511627907,2,"825,594","20,136",--,"17,452",113.6,"18,794",244.6,82,58,24
2004,Nets,E,1576.9871978494614,90.01075268817205,26,"613,051","14,952",74.8,"17,358",111.9,"16,155",91.0,82,42,40
2004,Nuggets,W,1482.3158091954022,96.83908045977012,12,"721,476","17,596",--,"17,184",111.8,"17,390",226.4,82,49,33
2004,Pacers,E,1613.8312153061229,90.41836734693878,16,"678,326","16,544",90.2,"17,710",113.6,"17,127",101.0,82,44,38
2004,Pelicans,W,1514.046106741573,90.93258426966293,28,"587,613","14,332",83.3,"16,679",106.6,"15,505",94.4,82,18,64
2004,Pistons,E,1614.0634095238095,89.43809523809524,1,"872,902","21,290",96.4,"17,127",107.8,"19,209",101.2,82,54,28
2004,Raptors,E,1404.1303048780478,85.4390243902439,8,"750,608","18,307",92.5,"16,480",105.8,"17,394",98.3,82,33,49
2004,Rockets,W,1565.1604551724135,89.48275862068965,22,"640,794","15,629",84.5,"17,768",122.9,"16,698",101.3,82,51,31
2004,Spurs,W,1688.949664130435,91.23913043478261,10,"739,706","18,041",97.5,"17,347",119.9,"17,694",107.4,82,59,23
2004,Suns,W,1449.064352439024,94.1829268292683,17,"670,385","16,350",86.0,"16,461",114.0,"16,406",98.1,82,62,20
2004,Thunder,W,1492.822164634146,97.1219512195122,23,"625,474","15,255",91.6,"16,842",115.9,"16,049",102.9,82,52,30
2004,Timberwolves,W,1635.1831119999997,94.08,11,"723,071","17,635",92.8,"17,862",123.7,"17,749",106.1,82,44,38
2004,Trailblazers,W,1517.672836585366,90.73170731707317,15,"684,038","16,683",83.5,"16,282",113.1,"16,483",95.9,82,27,55
2004,Warriors,W,1474.6076256097563,93.28048780487805,18,"665,648","16,235",82.9,"15,885",110.2,"16,060",94.5,82,34,48
2004,Wizards,E,1381.4574695121953,91.8048780487805,21,"645,363","15,740",--,"16,008",96.9,"15,874",192.3,82,45,37
2005,76ers,E,1456.4598632183906,98.64367816091954,10,"732,686","17,870",87.4,"17,933",111.6,"17,902",98.1,82,38,44
2005,Bucks,E,1440.8331012195124,97.23170731707317,25,"637,009","15,536",83.0,"16,651",99.4,"16,094",90.8,82,40,42
2005,Bulls,E,1463.0417295454542,95.0,2,"828,384","20,204",93.1,"17,334",107.2,"18,769",99.1,82,41,41
2005,Cavaliers,E,1492.1224146341463,96.51219512195122,6,"784,249","19,128",93.0,"18,275",109.5,"18,701",100.4,82,50,32
2005,Celtics,E,1498.2333932584263,100.20224719101124,24,"656,081","16,001",85.9,"17,216",105.1,"16,609",94.9,82,33,49
2005,Clippers,W,1460.3311097560982,95.71951219512195,18,"696,181","16,980",--,"16,735",99.3,"16,857",200.1,82,47,35
2005,Grizzlies,W,1560.0634848837208,93.86046511627907,19,"691,362","16,862",91.6,"16,621",107.4,"16,742",98.8,82,45,37
2005,Hawks,E,1302.4700621951217,92.7439024390244,29,"586,390","14,302",--,"16,730",97.2,"15,516",180.3,82,49,33
2005,Heat,E,1634.42977628866,101.0,4,"815,143","19,881",101.4,"18,891",116.3,"19,386",108.2,82,26,56
2005,Hornets,W,1278.0913463414638,94.2560975609756,28,"591,701","14,431",60.6,"16,717",104.7,"15,574",78.3,82,52,30
2005,Jazz,W,1435.857814634146,92.98780487804878,8,"769,014","18,756",94.2,"16,923",109.7,"17,839",101.0,82,26,56
2005,Kings,W,1586.1372379310346,103.63218390804597,13,"709,997","17,317",100.0,"17,702",110.9,"17,509",105.2,82,41,41
2005,Lakers,W,1521.7652634146336,98.71951219512195,5,"800,144","19,515",101.2,"17,540",104.7,"18,528",102.8,82,44,38
2005,Magic,E,1420.9937268292686,99.51219512195122,7,"770,494","18,792",97.5,"18,810",121.8,"18,801",108.3,82,23,59
2005,Mavericks,W,1630.7071031578946,102.86315789473684,27,"597,942","14,583",84.6,"17,510",106.9,"16,047",95.4,82,36,46
2005,NY Knicks,E,1427.1802097560983,97.28048780487805,3,"822,533","20,061",--,"17,259",105.8,"18,660",228.8,82,60,22
2005,Nets,E,1455.1752779069773,91.66279069767442,26,"618,681","15,089",75.5,"16,624",102.9,"15,857",87.7,82,49,33
2005,Nuggets,W,1525.7447804597705,98.98850574712644,12,"723,949","17,657",--,"17,506",101.4,"17,582",203.7,82,44,38
2005,Pacers,E,1544.6736168421048,91.76842105263158,17,"696,764","16,994",92.6,"16,895",104.3,"16,944",98.1,82,41,41
2005,Pelicans,W,1372.631874390244,88.4390243902439,30,"583,070","14,221",82.7,"16,690",107.6,"15,456",94.5,82,38,44
2005,Pistons,E,1613.091788785048,92.62616822429906,1,"905,116","22,076",100.0,"17,868",110.8,"19,972",104.6,82,64,18
2005,Raptors,E,1428.540598780488,99.73170731707317,16,"703,388","17,155",86.6,"16,677",100.1,"16,916",92.8,82,27,55
2005,Rockets,W,1569.5838516853933,95.26966292134831,23,"663,444","16,181",87.5,"18,183",111.1,"17,182",98.6,82,34,48
2005,Spurs,W,1713.9145790476189,96.35238095238095,9,"750,970","18,316",99.0,"17,419",113.0,"17,868",105.4,82,63,19
2005,Suns,W,1637.2827134020617,110.65979381443299,11,"726,066","17,708",93.1,"17,570",114.1,"17,639",102.5,82,54,28
2005,Thunder,W,1580.032686021506,98.89247311827957,21,"675,490","16,475",96.5,"17,029",109.5,"16,752",102.7,82,35,47
2005,Timberwolves,W,1556.0312195121953,96.7560975609756,15,"704,438","17,181",90.4,"17,874",116.0,"17,527",101.9,82,33,49
2005,Trailblazers,W,1448.2701390243903,92.9390243902439,20,"680,374","16,594",83.1,"16,658",108.4,"16,626",94.1,82,21,61
2005,Warriors,W,1428.4577853658539,98.70731707317073,22,"670,368","16,350",83.4,"16,708",108.7,"16,529",94.5,82,34,48
2005,Wizards,E,1470.6427945652167,100.48913043478261,14,"705,069","17,196",--,"16,862",98.5,"17,029",198.9,82,42,40
2006,76ers,E,1466.7106621951223,99.35365853658537,21,"677,278","16,518",80.8,"18,627",123.9,"17,573",99.1,82,35,47
2006,Bucks,E,1445.2587574712647,97.79310344827586,20,"681,337","16,617",88.8,"17,119",112.8,"16,868",99.5,82,28,54
2006,Bulls,E,1501.3196011363632,97.8409090909091,2,"868,720","21,188",97.6,"17,397",119.6,"19,292",106.4,82,49,33
2006,Cavaliers,E,1535.6092536842102,96.6,5,"792,391","19,326",94.0,"18,800",124.5,"19,063",106.9,82,50,32
2006,Celtics,E,1471.0040682926829,97.96341463414635,18,"692,873","16,899",90.7,"17,920",117.9,"17,409",102.9,82,24,58
2006,Clippers,W,1536.2212670212764,98.27659574468085,13,"712,409","17,375",--,"16,944",110.6,"17,160",223.9,82,40,42
2006,Grizzlies,W,1560.1195523255815,91.80232558139535,26,"647,533","15,793",85.8,"17,211",123.1,"16,502",101.9,82,42,40
2006,Hawks,E,1309.496004878048,97.21951219512195,29,"617,942","15,071",--,"17,067",109.5,"16,069",206.2,82,22,60
2006,Heat,E,1615.0433419047624,99.0952380952381,4,"818,149","19,954",101.8,"18,991",129.5,"19,473",113.7,82,30,52
2006,Hornets,W,1354.5640926829271,96.86585365853658,22,"671,011","16,366",--,"17,117",109.7,"16,741",214.7,82,44,38
2006,Jazz,W,1436.4769719512199,92.35365853658537,9,"751,621","18,332",92.1,"17,048",122.1,"17,690",104.5,82,33,49
2006,Kings,W,1519.0844124999996,98.75,14,"709,997","17,317",100.0,"17,101",117.9,"17,209",108.1,82,51,31
2006,Lakers,W,1520.8055168539324,99.52808988764045,6,"776,176","18,931",98.2,"17,572",120.2,"18,251",107.7,82,33,49
2006,Magic,E,1412.3433963414634,94.92682926829268,7,"774,189","18,882",97.9,"18,812",130.1,"18,847",111.7,82,33,49
2006,Mavericks,W,1677.1008685714285,99.27619047619048,27,"638,005","15,561",90.2,"17,084",116.2,"16,322",102.2,82,40,42
2006,NOK,W,1443.9674378048783,92.8170731707317,3,"824,693","20,114",--,"17,591",118.0,"18,853",252.9,82,67,15
2006,NY Knicks,E,1362.6570073170733,95.63414634146342,19,"691,543","16,866",84.4,"17,710",120.3,"17,288",99.6,82,41,41
2006,Nets,E,1538.4093935483868,93.83870967741936,16,"702,645","17,137",--,"17,637",115.0,"17,387",226.6,82,45,37
2006,Nuggets,W,1532.5354425287353,99.58620689655173,24,"663,368","16,179",88.2,"17,624",119.4,"16,902",102.1,82,35,47
2006,Pacers,E,1526.9609954545458,93.57954545454545,11,"744,920","18,168",1443.6,"16,659",105.2,"17,414",203.7,82,39,43
2006,Pistons,E,1690.9869250000002,95.91,1,"905,116","22,076",100.0,"18,637",123.9,"20,356",109.7,82,53,29
2006,Raptors,E,1406.3006365853657,101.0609756097561,17,"699,332","17,056",86.1,"16,595",109.9,"16,826",96.4,82,47,35
2006,Rockets,W,1511.1037158536583,90.08536585365853,28,"636,110","15,514",83.9,"17,554",125.5,"16,534",101.8,82,52,30
2006,Spurs,W,1683.8956399999995,96.6,8,"770,677","18,797",101.6,"18,376",130.3,"18,586",114.0,82,58,24
2006,Suns,W,1640.6407617647058,108.13725490196079,12,"730,179","17,809",93.6,"17,694",126.4,"17,751",107.5,82,61,21
2006,Thunder,W,1458.0431914634144,102.57317073170732,23,"664,157","16,198",94.9,"17,195",118.3,"16,697",105.7,82,31,51
2006,Timberwolves,W,1493.8701414634152,91.73170731707317,25,"662,167","16,150",85.0,"17,421",120.2,"16,785",100.2,82,32,50
2006,Trailblazers,W,1351.8621341463415,88.84146341463415,30,"617,019","15,049",75.3,"17,144",118.9,"16,097",93.6,82,32,50
2006,Warriors,W,1478.940003658537,98.48780487804878,10,"749,185","18,272",93.2,"16,775",112.7,"17,524",101.6,82,42,40
2006,Wizards,E,1502.9172170454551,101.6590909090909,15,"705,062","17,196",--,"17,291",110.7,"17,244",220.7,82,41,41
2007,76ers,E,1425.3158158536587,94.9390243902439,29,"608,603","14,843",72.6,"17,849",108.5,"16,346",88.6,82,40,42
2007,Bucks,E,1432.9176304878051,99.65853658536585,23,"663,629","16,186",86.5,"17,350",107.8,"16,768",96.4,82,26,56
2007,Bulls,E,1574.8223478260877,98.08695652173913,1,"912,364","22,252",102.5,"18,153",113.4,"20,202",107.1,82,33,49
2007,Cavaliers,E,1569.0393450980391,95.19607843137256,3,"837,883","20,436",99.4,"18,940",117.9,"19,688",107.5,82,45,37
2007,Celtics,E,1389.8860085365855,95.8170731707317,20,"690,576","16,843",90.4,"17,570",109.2,"17,206",99.1,82,66,16
2007,Clippers,W,1513.3890780487802,95.64634146341463,11,"755,261","18,421",--,"17,406",103.5,"17,913",213.0,82,23,59
2007,Grizzlies,W,1418.1789000000003,101.59756097560975,30,"600,836","14,654",79.6,"17,336",112.0,"15,995",94.4,82,57,25
2007,Hawks,E,1388.682174390244,93.65853658536585,26,"639,375","15,594",--,"17,170",100.7,"16,382",192.2,82,22,60
2007,Heat,E,1516.9432383720932,94.34883720930233,5,"808,541","19,720",100.6,"18,945",118.4,"19,332",108.6,82,37,45
2007,Hornets,W,1403.5883439024392,96.89024390243902,27,"637,520","15,549",81.7,"17,477",108.5,"16,513",94.0,82,15,67
2007,Jazz,W,1572.6105909090911,100.86868686868686,6,"802,214","19,566",98.3,"17,501",110.6,"18,533",103.7,82,32,50
2007,Kings,W,1491.7851731707322,101.2560975609756,16,"709,997","17,317",100.0,"17,282",112.0,"17,299",105.7,82,54,28
2007,Lakers,W,1533.0077321839083,103.03448275862068,8,"771,017","18,805",97.5,"17,984",111.9,"18,394",104.0,82,38,44
2007,Magic,E,1495.3229209302322,94.45348837209302,7,"778,415","18,985",98.5,"18,917",123.4,"18,951",109.5,82,23,59
2007,Mavericks,W,1695.088325,99.9090909090909,18,"700,887","17,094",99.1,"17,470",108.5,"17,282",103.6,82,52,30
2007,NOK,W,1451.9541341463416,95.52439024390245,4,"834,411","20,351",--,"17,821",106.6,"19,086",228.3,82,51,31
2007,NY Knicks,E,1412.140874390244,97.48780487804878,19,"693,955","16,925",84.7,"17,870",108.0,"17,398",95.2,82,34,48
2007,Nets,E,1490.2661244680855,96.62765957446808,17,"706,437","17,230",--,"18,163",111.1,"17,696",216.4,82,50,32
2007,Nuggets,W,1516.0882827586208,104.36781609195403,28,"629,750","15,359",83.7,"17,802",107.2,"16,581",94.9,82,36,46
2007,Pacers,E,1464.2923475609753,95.60975609756098,15,"731,165","17,833",92.3,"16,981",110.6,"17,407",100.4,82,56,26
2007,Pistons,E,1614.7696959183677,95.24489795918367,2,"905,116","22,076",100.0,"18,001",109.6,"20,038",104.1,82,59,23
2007,Raptors,E,1482.3032534090908,98.88636363636364,13,"748,603","18,258",92.2,"17,347",107.7,"17,802",99.2,82,41,41
2007,Rockets,W,1579.4948674157306,96.2247191011236,21,"678,362","16,545",89.4,"18,187",118.0,"17,366",102.4,82,55,27
2007,Spurs,W,1679.972166666666,97.96078431372548,9,"764,823","18,654",100.8,"17,464",110.3,"18,059",105.2,82,56,26
2007,Suns,W,1657.346649462365,109.48387096774194,10,"755,302","18,422",96.8,"18,541",120.1,"18,481",107.2,82,55,27
2007,Thunder,W,1456.089042682927,99.14634146341463,25,"654,163","15,955",93.5,"17,445",112.5,"16,700",102.5,82,20,62
2007,Timberwolves,W,1445.9526609756094,96.0609756097561,24,"655,947","15,998",84.2,"17,894",112.6,"16,946",97.1,82,22,60
2007,Trailblazers,W,1384.5836195121951,94.10975609756098,22,"670,778","16,360",81.9,"17,558",114.5,"16,959",96.0,82,41,41
2007,Warriors,W,1491.5481440860215,106.55913978494624,14,"742,267","18,104",92.4,"17,012",107.4,"17,558",99.1,82,48,34
2007,Wizards,E,1518.846598837209,103.74418604651163,12,"753,283","18,372",--,"17,270",101.5,"17,821",209.4,82,43,39
2008,76ers,E,1483.5967465909087,95.88636363636364,23,"609,675","14,870",72.7,"17,231",107.7,"16,050",88.1,82,41,41
2008,Bucks,E,1367.5353621951222,97.02439024390245,22,"639,421","15,595",83.3,"16,738",103.9,"16,167",92.8,82,34,48
2008,Bulls,E,1480.939831707317,97.32926829268293,2,"901,502","21,987",101.3,"17,353",106.0,"19,670",103.3,82,41,41
2008,Cavaliers,E,1531.466190526316,95.49473684210527,3,"839,074","20,465",99.5,"17,992",112.9,"19,228",105.4,82,66,16
2008,Celtics,E,1646.7464972222233,98.97222222222223,12,"763,584","18,624",100.0,"19,042",115.6,"18,833",107.3,82,62,20
2008,Clippers,W,1417.5492975609752,93.8048780487805,19,"692,408","16,888",--,"16,628",102.6,"16,758",206.8,82,19,63
2008,Grizzlies,W,1369.2668500000002,100.6951219512195,29,"523,578","12,770",69.4,"16,985",111.0,"14,877",88.3,82,65,17
2008,Hawks,E,1437.8146910112355,97.34831460674157,20,"667,518","16,280",--,"16,853",99.5,"16,567",195.7,82,24,58
2008,Heat,E,1343.7764634146342,91.35365853658537,8,"798,004","19,463",99.3,"17,503",109.8,"18,483",104.0,82,47,35
2008,Hornets,W,1418.0348524390242,97.0609756097561,24,"603,403","14,717",77.4,"17,294",107.9,"16,005",91.3,82,43,39
2008,Jazz,W,1625.5116627659572,105.2872340425532,5,"816,211","19,907",100.0,"17,215",112.9,"18,561",105.6,82,35,47
2008,Kings,W,1452.7099207317074,102.53658536585365,27,"580,181","14,150",81.7,"17,209",111.6,"15,680",95.8,82,48,34
2008,Lakers,W,1636.1180514563098,107.33009708737865,10,"783,739","19,115",99.1,"17,429",108.9,"18,272",103.5,82,17,65
2008,Magic,E,1573.3436543478263,103.67391304347827,11,"778,877","18,997",98.5,"18,671",118.5,"18,834",107.5,82,32,50
2008,Mavericks,W,1617.9633425287357,100.04597701149426,18,"709,346","17,301",100.3,"17,540",108.4,"17,420",104.2,82,59,23
2008,NY Knicks,E,1359.4456280487805,96.92682926829268,4,"831,738","20,286",--,"17,716",105.9,"19,001",227.2,82,50,32
2008,Nets,E,1433.7874987804873,95.8170731707317,21,"641,921","15,656",78.3,"17,610",107.3,"16,633",91.4,82,34,48
2008,Nuggets,W,1575.7037906976745,110.23255813953489,17,"711,962","17,364",--,"18,115",111.1,"17,740",217.6,82,54,28
2008,Pacers,E,1437.0906670731713,103.98780487804878,30,"501,092","12,221",66.6,"17,217",103.9,"14,719",84.3,82,36,46
2008,Pelicans,W,1596.4424414893615,100.30851063829788,26,"581,432","14,181",82.4,"16,905",109.7,"15,543",95.3,82,49,33
2008,Pistons,E,1651.252272727273,96.42424242424242,1,"905,116","22,076",100.0,"17,714",111.5,"19,895",104.8,82,39,43
2008,Raptors,E,1537.9575850574715,100.13793103448276,9,"796,835","19,435",98.2,"16,653",103.6,"18,044",100.6,82,33,49
2008,Rockets,W,1605.168905681818,96.125,16,"718,524","17,524",94.7,"17,527",114.5,"17,526",103.7,82,53,29
2008,Spurs,W,1657.04364949495,95.14141414141415,13,"761,149","18,564",100.3,"17,954",113.9,"18,259",106.6,82,54,28
2008,Suns,W,1636.3499551724137,109.51724137931035,14,"755,302","18,422",96.8,"18,046",114.7,"18,234",104.9,82,46,36
2008,Thunder,W,1349.8675719512196,97.54878048780488,28,"547,556","13,355",78.2,"17,158",108.2,"15,257",92.7,82,23,59
2008,Timberwolves,W,1330.205313414634,95.59756097560975,25,"593,537","14,476",76.2,"16,801",106.7,"15,639",90.0,82,24,58
2008,Trailblazers,W,1478.4439756097565,95.36585365853658,7,"801,566","19,550",97.8,"16,700",109.4,"18,125",102.9,82,54,28
2008,Warriors,W,1585.9288451219509,111.03658536585365,6,"804,864","19,630",100.2,"17,255",112.6,"18,443",105.6,82,29,53
2008,Wizards,E,1479.0200534090914,98.375,15,"736,461","17,962",--,"16,774",99.2,"17,368",205.4,82,19,63
2009,76ers,E,1503.0488647727275,96.79545454545455,23,"647,898","15,802",79.7,"17,358",89.5,"16,570",84.5,82,27,55
2009,Bucks,E,1423.4101219512195,99.29268292682927,24,"630,976","15,389",82.2,"16,947",87.3,"16,168",84.8,82,46,36
2009,Bulls,E,1474.261547191011,102.65168539325843,2,"847,903","21,197",97.6,"17,558",93.6,"19,355",95.7,82,41,41
2009,Cavaliers,E,1686.1954895833333,99.88541666666667,5,"820,439","20,010",97.3,"18,899",97.9,"19,455",97.6,82,61,21
2009,Celtics,E,1702.1227083333333,101.09375,12,"763,584","18,624",100.0,"18,975",98.2,"18,799",99.1,82,50,32
2009,Clippers,W,1327.437067073171,95.10975609756098,22,"646,830","16,170",84.8,"17,202",89.9,"16,692",87.4,82,29,53
2009,Grizzlies,W,1332.2448475609754,93.8780487804878,29,"509,806","12,745",70.3,"17,101",89.3,"14,949",80.2,82,57,25
2009,Hawks,E,1523.054848387097,96.45161290322581,20,"686,688","16,748",89.4,"17,303",89.6,"17,025",89.5,82,40,42
2009,Heat,E,1452.2687359550557,97.50561797752809,15,"729,178","18,229",93.0,"18,150",93.7,"18,189",93.4,82,53,29
2009,Hornets,W,1448.594837804878,93.6219512195122,26,"581,049","14,526",76.3,"17,310",89.5,"15,935",83.0,82,47,35
2009,Jazz,W,1588.8517471264365,103.20689655172414,6,"816,042","19,903",100.0,"17,038",89.2,"18,470",94.7,82,44,38
2009,Kings,W,1350.9132536585364,100.58536585365853,30,"502,852","12,571",72.6,"17,227",89.8,"14,928",81.7,82,53,29
2009,Lakers,W,1720.7080666666673,105.93333333333334,7,"790,801","19,287",97.6,"17,729",91.7,"18,518",94.7,82,25,57
2009,Magic,E,1649.763388679246,100.12264150943396,8,"778,877","18,997",99.7,"19,268",100.8,"19,130",100.2,82,29,53
2009,Mavericks,W,1571.6329510869568,101.72826086956522,18,"698,768","17,043",97.6,"17,900",92.0,"17,466",94.7,82,59,23
2009,NY Knicks,E,1402.1128256097563,105.20731707317073,4,"821,723","20,042",104.4,"17,102",89.6,"18,572",97.0,82,55,27
2009,Nets,E,1441.972681707317,98.09756097560975,25,"621,062","15,147",75.8,"17,586",91.0,"16,367",83.3,82,12,70
2009,Nuggets,W,1605.673822448979,104.91836734693878,17,"706,165","17,223",89.9,"17,227",90.2,"17,225",90.1,82,53,29
2009,Pacers,E,1464.1336914634146,105.08536585365853,28,"581,472","14,182",78.1,"16,628",85.7,"15,405",82.0,82,32,50
2009,Pelicans,W,1590.729436781609,95.14942528735632,19,"695,727","16,968",98.7,"17,702",92.2,"17,331",95.3,82,37,45
2009,Pistons,E,1532.7718034883721,93.47674418604652,1,"896,971","21,877",99.1,"18,024",93.6,"19,950",96.5,82,27,55
2009,Raptors,E,1456.4579207317072,99.03658536585365,10,"769,707","18,773",94.8,"16,785",87.1,"17,779",91.0,82,40,42
2009,Rockets,W,1616.9809547368425,97.46315789473684,16,"699,280","17,482",96.9,"17,589",91.7,"17,536",94.2,82,42,40
2009,Spurs,W,1616.2168126436784,96.66666666666667,14,"749,048","18,269",97.2,"17,626",92.3,"17,951",94.8,82,50,32
2009,Suns,W,1560.1160097560978,109.4390243902439,13,"755,302","18,422",100.0,"18,122",94.6,"18,272",97.3,82,54,28
2009,Thunder,W,1317.0346097560973,96.97560975609755,11,"747,732","18,693",97.7,"16,679",87.2,"17,674",92.4,82,50,32
2009,Timberwolves,W,1368.5171158536582,97.79268292682927,27,"594,743","14,505",74.9,"16,845",88.1,"15,661",81.4,82,15,67
2009,Trailblazers,W,1569.3183420454545,98.5909090909091,3,"841,499","20,524",102.7,"17,167",89.8,"18,866",96.5,82,50,32
2009,Warriors,W,1453.1146048780486,108.59756097560975,9,"776,660","18,942",96.7,"16,942",88.8,"17,942",92.8,82,26,56
2009,Wizards,E,1363.856463414634,96.0609756097561,21,"681,117","16,612",82.4,"17,157",88.7,"16,884",85.4,82,26,56
2010,76ers,E,1425.4501817073176,97.73170731707317,26,"583,219","14,224",70.0,"16,889",88.0,"15,556",78.7,82,41,41
2010,Bucks,E,1498.8626573033705,97.06741573033707,24,"619,453","15,108",80.7,"16,823",87.2,"15,965",84.0,82,35,47
2010,Bulls,E,1484.3601747126431,97.44827586206897,1,"849,760","20,725",99.1,"17,735",92.2,"19,230",95.8,82,62,20
2010,Cavaliers,E,1715.1347806451618,101.88172043010752,2,"843,042","20,562",100.0,"19,200",100.2,"19,881",100.1,82,19,63
2010,Celtics,E,1620.729128301887,98.00943396226415,9,"744,961","18,169",97.6,"18,154",93.9,"18,161",95.7,82,56,26
2010,Clippers,W,1365.914741463415,95.71951219512195,20,"670,063","16,343",85.7,"16,225",85.3,"16,284",85.5,82,32,50
2010,Grizzlies,W,1469.021185365854,102.48780487804878,28,"552,914","13,485",74.4,"16,691",87.6,"15,088",81.2,82,57,25
2010,Hawks,E,1586.738110752688,100.23655913978494,18,"678,375","16,545",88.3,"17,097",88.5,"16,821",88.4,82,46,36
2010,Heat,E,1526.755812643678,96.0,15,"726,935","17,730",90.5,"18,040",93.8,"17,885",92.1,82,44,38
2010,Hornets,W,1516.7150511627908,94.82558139534883,22,"648,790","15,824",82.9,"16,256",84.7,"16,040",83.8,82,58,24
2010,Jazz,W,1599.0065010869569,104.54347826086956,6,"794,512","19,378",97.3,"17,095",89.9,"18,237",93.7,82,34,48
2010,Kings,W,1348.9213902439021,100.0,29,"543,416","13,254",76.5,"16,973",88.9,"15,113",83.0,82,39,43
2010,Lakers,W,1684.1989523809523,101.56190476190476,5,"799,550","19,501",98.7,"17,315",90.0,"18,408",94.4,82,24,58
2010,Magic,E,1663.3448177083335,101.85416666666667,7,"778,877","18,997",99.7,"19,265",101.2,"19,131",100.4,82,42,40
2010,Mavericks,W,1601.472668181818,101.375,17,"715,901","17,461",100.0,"17,838",92.2,"17,649",95.9,82,52,30
2010,NY Knicks,E,1403.0687865853658,102.10975609756098,4,"819,770","19,994",104.1,"17,129",90.2,"18,561",97.2,82,57,25
2010,Nets,E,1304.6722158536586,92.3780487804878,30,"537,230","13,103",69.1,"16,446",85.4,"14,774",77.3,82,24,58
2010,Nuggets,W,1626.1860170454545,106.64772727272727,13,"737,812","17,995",93.9,"17,446",91.9,"17,720",92.9,82,50,32
2010,Pacers,E,1427.382041463415,100.76829268292683,27,"582,295","14,202",78.2,"16,955",87.9,"15,578",83.2,82,37,45
2010,Pelicans,W,1470.5429780487802,100.2439024390244,23,"620,366","15,130",88.5,"17,168",89.8,"16,149",89.2,82,46,36
2010,Pistons,E,1396.7273890243898,94.01219512195122,8,"768,826","18,751",84.9,"17,104",89.4,"17,928",87.0,82,30,52
2010,Raptors,E,1476.768113414634,104.07317073170732,14,"733,784","17,897",90.4,"16,466",85.9,"17,181",88.2,82,22,60
2010,Rockets,W,1562.3859914634143,102.3780487804878,19,"677,658","16,528",91.6,"16,616",87.3,"16,572",89.4,82,43,39
2010,Spurs,W,1600.5855163043482,100.79347826086956,10,"741,676","18,089",97.4,"17,707",93.2,"17,898",95.3,82,61,21
2010,Suns,W,1591.4717510204082,109.72448979591837,16,"723,582","17,648",95.8,"17,376",91.4,"17,512",93.5,82,40,42
2010,Thunder,W,1534.3139465909094,100.9659090909091,12,"738,149","18,003",98.9,"16,876",88.3,"17,440",93.5,82,55,27
2010,Timberwolves,W,1302.678147560976,98.1829268292683,25,"619,170","15,101",78.0,"16,112",84.8,"15,607",81.4,82,17,65
2010,Trailblazers,W,1579.2635761363633,97.76136363636364,3,"840,411","20,497",102.6,"16,546",87.2,"18,521",95.1,82,48,34
2010,Warriors,W,1390.6618353658532,108.8048780487805,11,"739,120","18,027",92.0,"16,443",86.7,"17,235",89.4,82,36,46
2010,Wizards,E,1368.7466853658536,96.2439024390244,21,"664,398","16,204",80.3,"16,487",86.1,"16,346",83.1,82,23,59
2011,76ers,E,1494.0088701149425,98.29885057471265,25,"604,823","14,751",72.6,"17,155",89.5,"15,953",80.8,66,35,31
2011,Bucks,E,1487.7518219512197,91.8780487804878,23,"631,910","15,412",82.3,"16,911",87.4,"16,162",84.9,66,31,35
2011,Bulls,E,1617.495057142857,97.62244897959184,1,"893,462","21,791",104.2,"18,431",96.1,"20,111",100.3,66,50,16
2011,Cavaliers,E,1375.1612695121946,95.45121951219512,3,"824,595","20,112",97.8,"16,200",84.1,"18,156",91.2,66,21,45
2011,Celtics,E,1660.3392175824179,96.31868131868131,11,"763,584","18,624",100.0,"18,964",98.0,"18,794",99.0,66,39,27
2011,Clippers,W,1387.0146829268297,98.64634146341463,14,"727,462","17,742",93.1,"17,614",92.7,"17,678",92.9,66,40,26
2011,Grizzlies,W,1531.019874736842,99.7578947368421,27,"600,687","14,650",80.9,"16,441",86.4,"15,546",83.7,66,41,25
2011,Hawks,E,1536.1646936170214,93.88297872340425,22,"641,596","15,648",83.6,"16,957",87.9,"16,303",85.7,66,41,25
2011,Heat,E,1656.6396417475726,100.16504854368932,5,"810,930","19,778",100.9,"19,447",100.9,"19,612",100.9,66,40,26
2011,Hornets,W,1453.8954475609755,93.29268292682927,21,"649,694","15,846",83.1,"16,473",85.5,"16,159",84.3,66,46,20
2011,Jazz,W,1530.208,99.42682926829268,7,"799,982","19,511",98.0,"17,331",91.2,"18,421",94.7,66,7,59
2011,Kings,W,1347.9094390243902,99.40243902439025,29,"569,496","13,890",80.2,"17,400",91.2,"15,645",86.0,66,36,30
2011,Lakers,W,1652.4449576086956,100.57608695652173,6,"808,879","19,728",99.8,"18,044",93.9,"18,886",96.9,66,22,44
2011,Magic,E,1643.2747011363635,98.48863636363636,8,"778,877","18,997",99.7,"19,087",100.2,"19,042",99.9,66,36,30
2011,Mavericks,W,1635.1747349514567,99.83495145631068,9,"777,852","18,972",102.6,"17,428",90.5,"18,200",96.4,66,37,29
2011,NY Knicks,E,1482.1219441860458,105.77906976744185,4,"824,162","20,101",104.7,"16,657",87.7,"18,379",96.2,66,36,30
2011,Nets,E,1346.3202134146347,94.17073170731707,28,"581,378","14,179",80.6,"17,098",88.4,"15,639",84.7,66,22,44
2011,Nuggets,W,1587.6081804597693,106.8735632183908,16,"692,968","16,901",88.2,"17,285",90.8,"17,093",89.5,66,38,28
2011,Pacers,E,1481.152043678161,99.24137931034483,30,"555,077","13,538",74.5,"16,844",87.0,"15,191",81.0,66,42,24
2011,Pelicans,W,1528.9786636363635,94.54545454545455,26,"603,088","14,709",86.1,"17,179",89.9,"15,944",88.1,66,21,45
2011,Pistons,E,1391.0489292682926,96.96341463414635,18,"683,080","16,660",75.5,"16,732",87.5,"16,696",81.1,66,25,41
2011,Raptors,E,1377.7312621951219,99.07317073170732,19,"679,208","16,566",83.7,"16,855",91.9,"16,710",87.6,66,23,43
2011,Rockets,W,1514.9585560975606,105.91463414634147,20,"663,839","16,191",89.7,"16,943",88.9,"16,567",89.3,66,34,32
2011,Spurs,W,1662.8584522727274,103.04545454545455,12,"750,879","18,314",98.6,"17,389",91.1,"17,851",94.8,66,50,16
2011,Suns,W,1545.396268292683,105.01219512195122,15,"720,249","17,567",95.4,"17,462",91.6,"17,514",93.5,66,33,33
2011,Thunder,W,1602.1865535353534,104.42424242424242,13,"744,068","18,148",99.7,"17,774",93.4,"17,961",96.5,66,47,19
2011,Timberwolves,W,1314.6176073170739,101.07317073170732,24,"624,960","15,242",78.8,"16,885",88.5,"16,064",83.6,66,26,40
2011,Trailblazers,W,1544.3840397727274,95.73863636363636,2,"840,924","20,510",102.7,"16,333",86.0,"18,422",94.5,66,28,38
2011,Warriors,W,1431.6698609756097,103.3780487804878,10,"766,398","18,692",95.4,"17,049",89.6,"17,871",92.5,66,23,43
2011,Wizards,E,1337.4226073170732,97.28048780487805,17,"688,466","16,791",83.2,"17,192",89.2,"16,992",86.1,66,20,46
2012,76ers,E,1554.730218987342,92.32911392405063,14,"577,597","17,502",86.1,"16,764",86.8,"17,133",86.5,82,34,48
2012,Bucks,E,1494.7304590909093,99.01515151515152,26,"485,717","14,718",78.6,"16,661",85.4,"15,689",82.1,82,38,44
2012,Bulls,E,1670.7925069444439,95.34722222222223,1,"731,326","22,161",105.9,"17,989",93.5,"20,075",100.0,82,45,37
2012,Cavaliers,E,1365.7331787878784,93.03030303030303,19,"525,577","15,926",77.5,"16,723",86.5,"16,324",81.9,82,24,58
2012,Celtics,E,1575.9561732558136,91.30232558139535,11,"614,592","18,624",100.0,"18,288",94.3,"18,456",97.1,81,41,40
2012,Clippers,W,1540.5121207792213,96.59740259740259,7,"634,237","19,219",100.8,"18,342",96.8,"18,781",98.8,82,56,26
2012,Grizzlies,W,1584.6027068493154,94.64383561643835,20,"518,256","15,704",86.7,"17,068",89.9,"16,386",88.3,82,45,37
2012,Hawks,E,1539.0646263888889,95.38888888888889,23,"501,593","15,199",81.2,"16,820",87.1,"16,010",84.2,82,56,26
2012,Heat,E,1676.0518797752811,98.19101123595506,4,"657,855","19,935",101.7,"19,399",99.7,"19,667",100.7,82,44,38
2012,Hornets,W,1284.182042424243,86.95454545454545,25,"486,984","14,757",77.4,"16,534",85.5,"15,645",81.5,82,66,16
2012,Jazz,W,1498.8583185714292,98.88571428571429,6,"637,124","19,306",97.0,"16,929",89.8,"18,118",93.5,82,21,61
2012,Kings,W,1400.8652712121216,98.75757575757575,27,"478,764","14,508",83.8,"16,905",87.9,"15,706",85.9,82,43,39
2012,Lakers,W,1593.5651243589741,96.7948717948718,5,"652,179","19,763",100.0,"18,407",95.6,"19,085",97.8,82,28,54
2012,Magic,E,1558.4110633802816,93.43661971830986,8,"626,901","18,997",99.7,"19,034",100.1,"19,015",99.9,82,54,28
2012,Mavericks,W,1591.257615714286,95.64285714285714,9,"623,587","18,896",102.1,"17,161",88.6,"18,028",95.2,82,20,62
2012,NY Knicks,E,1505.6349070422534,96.78873239436619,3,"671,050","20,334",105.9,"17,712",93.0,"19,023",99.5,82,41,41
2012,Nets,E,1343.0871424242428,93.0909090909091,30,"460,719","13,961",75.5,"17,081",87.9,"15,521",81.8,82,49,33
2012,Nuggets,W,1581.970653424658,103.41095890410959,16,"561,966","17,029",88.9,"17,228",91.1,"17,128",90.0,82,57,25
2012,Pacers,E,1553.134977922078,96.74025974025975,29,"467,561","14,168",78.0,"16,597",85.9,"15,382",82.1,81,49,32
2012,Pelicans,W,1419.2049166666666,89.63636363636364,24,"498,618","15,109",88.4,"16,717",87.9,"15,913",88.1,82,27,55
2012,Pistons,E,1380.9449727272734,90.86363636363636,28,"475,638","14,413",65.3,"16,342",85.3,"15,378",74.6,82,29,53
2012,Raptors,E,1368.2721348484852,90.6969696969697,17,"555,584","16,835",85.0,"16,732",86.3,"16,784",85.6,82,34,48
2012,Rockets,W,1528.0532666666666,98.0909090909091,22,"506,994","15,363",85.1,"17,733",93.2,"16,548",89.3,82,45,37
2012,Spurs,W,1651.0905349999998,103.3625,12,"607,095","18,396",99.0,"16,990",89.8,"17,693",94.4,82,58,24
2012,Suns,W,1505.7803181818176,98.36363636363636,21,"514,718","15,597",84.7,"17,806",94.5,"16,702",89.6,82,25,57
2012,Thunder,W,1676.0245104651162,102.63953488372093,13,"600,699","18,203",100.0,"18,031",95.4,"18,117",97.6,82,60,22
2012,Timberwolves,W,1428.964396969697,97.93939393939394,15,"577,197","17,490",90.4,"16,310",86.6,"16,900",88.5,82,31,51
2012,Trailblazers,W,1521.5536590909087,97.1969696969697,2,"676,384","20,496",102.6,"17,164",90.7,"18,830",96.8,82,33,49
2012,Warriors,W,1453.522577272727,97.77272727272727,10,"622,311","18,857",96.2,"16,364",86.1,"17,611",91.2,82,47,35
2012,Wizards,E,1331.5222742424241,93.63636363636364,18,"552,038","16,728",82.9,"16,361",84.8,"16,544",83.8,82,29,53
2013,76ers,E,1448.7797695121951,93.17073170731707,17,"685,412","16,717",82.2,"17,323",90.2,"17,020",86.1,82,19,63
2013,Bucks,E,1481.607948837209,98.24418604651163,27,"616,469","15,035",86.7,"16,919",89.2,"15,977",88.0,82,15,67
2013,Bulls,E,1549.85889787234,93.02127659574468,1,"896,944","21,876",104.6,"18,144",94.4,"20,010",99.7,82,48,34
2013,Cavaliers,E,1351.4387560975613,96.5,22,"663,882","16,192",83.3,"16,780",89.1,"16,486",86.2,82,33,49
2013,Celtics,E,1527.4821770114947,95.54022988505747,10,"744,960","18,624",100.0,"17,768",91.8,"18,191",95.8,82,25,57
2013,Clippers,W,1629.7949284090903,100.64772727272727,6,"788,293","19,226",100.9,"17,806",93.4,"18,516",97.1,82,57,25
2013,Grizzlies,W,1622.5902989690721,93.5979381443299,19,"681,613","16,624",91.8,"17,194",90.0,"16,909",90.9,82,27,55
2013,Hawks,E,1525.0193738636365,97.36363636363636,26,"620,146","15,125",80.8,"17,165",89.0,"16,145",84.9,82,50,32
2013,Heat,E,1703.8573304761906,101.61904761904762,3,"819,290","19,982",102.0,"19,090",101.1,"19,536",101.5,82,38,44
2013,Hornets,W,1260.2044426829266,93.42682926829268,24,"628,293","15,324",80.3,"16,502",85.6,"15,913",83.0,82,54,28
2013,Jazz,W,1518.3886012195123,98.02439024390245,9,"765,915","18,680",93.8,"16,769",88.3,"17,724",91.1,82,43,39
2013,Kings,W,1392.4726280487803,100.23170731707317,30,"563,743","13,749",79.4,"17,305",90.3,"15,527",85.1,82,25,57
2013,Lakers,W,1535.1592372093028,101.4186046511628,7,"780,353","19,033",96.3,"18,271",94.6,"18,652",95.4,82,28,54
2013,Magic,E,1357.133770731707,94.1219512195122,8,"778,877","18,997",99.6,"18,866",100.9,"18,931",100.3,82,37,45
2013,Mavericks,W,1494.8288231707318,101.13414634146342,15,"721,414","17,595",93.4,"16,821",86.8,"17,208",90.0,82,23,59
2013,NY Knicks,E,1592.2807882978725,98.5,2,"821,490","20,036",104.4,"17,613",94.3,"18,824",99.4,82,49,33
2013,Nets,W,1504.1942393258425,97.07865168539325,16,"704,702","17,187",94.9,"17,239",89.1,"17,213",91.9,82,44,38
2013,Nuggets,W,1622.2079159090902,105.93181818181819,14,"730,616","17,819",93.0,"17,401",91.1,"17,610",92.1,82,36,46
2013,Pacers,E,1579.5378220000002,94.18,25,"626,069","15,269",84.1,"17,061",87.9,"16,154",86.0,82,56,26
2013,Pelicans,W,1424.5746365853665,94.07317073170732,29,"565,930","13,803",81.8,"17,254",91.8,"15,528",87.1,82,34,48
2013,Pistons,E,1410.7064439024387,94.85365853658537,28,"606,094","14,782",72.7,"16,885",89.3,"15,834",80.7,82,29,53
2013,Raptors,E,1434.1834878048778,97.20731707317073,13,"743,936","18,144",91.6,"16,313",84.8,"17,229",88.3,82,48,34
2013,Rockets,W,1559.0612647727269,105.54545454545455,18,"683,564","16,672",92.4,"17,982",94.0,"17,327",93.2,82,54,28
2013,Spurs,W,1688.1486640776695,102.47572815533981,11,"755,700","18,431",99.2,"17,290",90.6,"17,861",94.9,82,62,20
2013,Suns,W,1433.06105,95.1829268292683,23,"632,913","15,436",83.8,"17,152",89.7,"16,294",86.8,82,48,34
2013,Thunder,W,1694.793246236559,104.86021505376344,12,"746,323","18,203",100.0,"18,335",97.8,"18,269",98.9,82,59,23
2013,Timberwolves,W,1435.8570707317074,95.7439024390244,21,"669,956","16,340",84.4,"17,034",89.3,"16,687",86.9,82,40,42
2013,Trailblazers,W,1459.2426048780483,97.5,4,"813,012","19,829",102.0,"16,727",89.5,"18,278",95.9,82,54,28
2013,Warriors,W,1520.0389882978714,101.36170212765957,5,"794,320","19,373",107.3,"17,204",91.9,"18,288",99.4,82,51,31
2013,Wizards,E,1408.2535304878047,93.21951219512195,20,"670,070","16,343",80.6,"16,193",84.1,"16,268",82.3,82,44,38
2014,76ers,E,1312.8530731707315,99.45121951219512,29,"568,632","13,869",68.2,"17,441",90.5,"15,655",79.1,82,18,64
2014,Bucks,E,1319.0984390243907,95.47560975609755,30,"552,967","13,487",72.1,"17,013",87.7,"15,250",80.0,82,41,41
2014,Bulls,E,1527.9783206896548,93.44827586206897,1,"890,370","21,716",103.8,"17,551",91.1,"19,634",97.7,82,50,32
2014,Cavaliers,E,1387.1900085365855,98.21951219512195,16,"710,522","17,329",84.3,"17,388",90.4,"17,358",87.2,82,53,29
2014,Celtics,E,1419.6202073170734,96.2439024390244,14,"742,400","18,107",97.2,"17,484",90.5,"17,796",93.8,82,40,42
2014,Clippers,W,1650.5047968421054,108.0421052631579,7,"787,692","19,212",100.8,"17,218",90.4,"18,215",95.6,82,56,26
2014,Grizzlies,W,1571.9828483146077,96.19101123595506,20,"685,458","16,718",92.3,"17,269",90.5,"16,993",91.4,82,21,61
2014,Hawks,E,1480.995214606742,100.32584269662921,28,"587,927","14,339",76.6,"17,274",89.5,"15,807",83.2,82,55,27
2014,Heat,E,1664.370055882353,101.22549019607843,4,"811,036","19,781",100.9,"19,190",99.3,"19,486",100.1,82,60,22
2014,Hornets,W,1436.8169383720926,96.62790697674419,25,"636,268","15,518",81.3,"17,026",90.0,"16,272",85.7,82,37,45
2014,Jazz,W,1421.7087914634144,95.01219512195122,12,"745,203","18,175",91.3,"17,295",90.6,"17,735",91.0,82,33,49
2014,Kings,W,1415.2395585365848,100.5,22,"667,949","16,291",94.1,"16,859",88.0,"16,575",90.9,82,38,44
2014,Lakers,W,1414.0110719512195,102.95121951219512,3,"812,292","19,812",100.0,"17,422",90.3,"18,617",95.2,82,29,53
2014,Magic,E,1331.747269512195,96.51219512195122,8,"771,974","18,828",98.8,"17,845",93.6,"18,337",96.2,82,17,65
2014,Mavericks,W,1564.1789584269661,104.5505617977528,23,"666,046","16,245",86.2,"16,583",86.1,"16,414",86.1,82,25,57
2014,NY Knicks,E,1472.932904878049,98.58536585365853,2,"817,982","19,950",103.9,"17,268",90.8,"18,609",97.4,82,50,32
2014,Nets,W,1502.8667340425532,98.13829787234043,17,"707,331","17,251",95.3,"17,528",90.6,"17,390",92.9,82,38,44
2014,Nuggets,W,1514.0941134146337,104.3780487804878,19,"692,898","16,899",88.2,"17,211",90.3,"17,055",89.2,82,30,52
2014,Pacers,E,1614.1655950495053,95.77227722772277,15,"717,542","17,501",97.6,"17,872",94.6,"17,686",96.1,82,38,44
2014,Pelicans,W,1444.2987256097563,99.71951219512195,21,"672,029","16,390",95.4,"17,397",90.8,"16,894",93.0,82,45,37
2014,Pistons,E,1401.4150097560973,101.04878048780488,26,"615,238","15,005",68.0,"17,280",90.1,"16,143",78.3,82,32,50
2014,Raptors,E,1550.1749382022467,100.87640449438203,10,"748,339","18,252",92.2,"16,702",86.8,"17,477",89.5,82,49,33
2014,Rockets,W,1613.0696511363624,107.9659090909091,13,"743,082","18,123",100.4,"17,427",91.1,"17,775",95.7,82,56,26
2014,Spurs,W,1696.6352000000002,105.57142857142857,9,"755,031","18,415",99.1,"17,627",92.2,"18,021",95.6,82,55,27
2014,Suns,W,1513.4192817073165,105.23170731707317,24,"650,739","15,871",86.2,"17,250",90.3,"16,560",88.3,82,39,43
2014,Thunder,W,1676.596672277227,105.46534653465346,11,"746,323","18,203",100.0,"18,170",95.2,"18,186",97.5,82,45,37
2014,Timberwolves,W,1542.6098414634146,106.92682926829268,27,"597,157","14,564",75.2,"17,605",92.1,"16,085",83.6,82,16,66
2014,Trailblazers,W,1579.0642462365593,106.45161290322581,5,"809,612","19,746",95.0,"17,312",91.1,"18,529",93.1,82,51,31
2014,Warriors,W,1603.997368539326,104.42696629213484,6,"803,436","19,596",100.0,"17,526",92.0,"18,561",96.1,82,67,15
2014,Wizards,E,1506.5823021505375,99.44086021505376,18,"698,068","17,026",84.0,"17,183",89.2,"17,104",86.5,82,46,36
2015,76ers,E,1281.6219292682924,91.97560975609755,30,"571,572","13,940",68.6,"17,665",91.8,"15,802",79.9,82,10,72
2015,Bucks,E,1455.5806920454552,97.20454545454545,27,"611,226","14,907",79.6,"17,180",88.8,"16,044",84.3,82,33,49
2015,Bulls,E,1572.0016031914897,100.18085106382979,1,"875,091","21,343",102.0,"18,404",95.7,"19,874",99.0,82,42,40
2015,Cavaliers,E,1570.4732392156861,102.32352941176471,2,"843,042","20,562",100.0,"18,915",98.3,"19,738",99.2,82,57,25
2015,Celtics,E,1425.5194279069765,101.05813953488372,16,"721,350","17,593",94.5,"17,741",91.9,"17,667",93.2,82,48,34
2015,Clippers,W,1658.2184406249999,106.875,9,"785,892","19,168",100.6,"18,079",94.7,"18,623",97.6,82,53,29
2015,Grizzlies,W,1620.6785258064513,97.89247311827957,18,"710,502","17,329",95.6,"18,017",94.4,"17,673",95.0,82,17,65
2015,Hawks,E,1607.2668438775513,101.8061224489796,17,"713,909","17,412",93.0,"17,582",90.8,"17,497",91.9,82,42,40
2015,Heat,E,1488.709397560976,94.6829268292683,6,"808,223","19,712",100.6,"17,703",92.0,"18,708",96.3,82,48,34
2015,Hornets,W,1453.9361426829273,94.15853658536585,19,"704,886","17,192",90.1,"17,654",91.1,"17,423",90.6,82,48,34
2015,Jazz,W,1448.4386609756095,95.13414634146342,10,"772,059","18,830",94.6,"17,135",90.0,"17,982",92.4,82,48,34
2015,Kings,W,1425.4173695121954,101.34146341463415,25,"680,049","16,586",95.8,"17,515",91.7,"17,050",93.6,82,40,42
2015,Lakers,W,1372.5224914634146,98.45121951219512,4,"812,292","19,812",100.0,"17,462",90.7,"18,637",95.4,82,33,49
2015,Magic,E,1339.4265939024385,95.6951219512195,11,"768,244","18,737",98.3,"17,875",93.6,"18,306",95.9,82,32,50
2015,Mavericks,W,1598.1919241379308,105.49425287356321,23,"688,194","16,785",89.1,"17,585",91.2,"17,185",90.1,82,35,47
2015,NY Knicks,E,1352.5188146341468,91.89024390243902,3,"827,702","20,187",105.1,"17,653",92.7,"18,920",98.9,82,42,40
2015,Nets,W,1468.8618284090912,97.9090909090909,20,"698,529","17,037",94.1,"18,039",92.9,"17,538",93.5,82,21,61
2015,Nuggets,W,1447.9158060975612,101.46341463414635,28,"602,707","14,700",76.7,"17,437",91.5,"16,068",84.1,82,33,49
2015,Pacers,E,1478.133425609756,97.32926829268293,22,"691,434","16,864",92.8,"17,892",92.4,"17,378",92.6,82,45,37
2015,Pelicans,W,1500.7466279069768,99.4186046511628,24,"683,757","16,677",97.0,"17,640",92.1,"17,158",94.5,82,30,52
2015,Pistons,E,1407.8583597560971,98.5,26,"625,917","15,266",69.2,"17,866",93.0,"16,566",80.3,82,44,38
2015,Raptors,E,1571.733044186047,103.62790697674419,5,"809,824","19,751",99.8,"17,522",90.9,"18,637",95.4,82,56,26
2015,Rockets,W,1623.4501404040395,104.65656565656566,14,"747,412","18,229",101.0,"17,969",94.0,"18,099",97.4,82,41,41
2015,Spurs,W,1676.8730426966304,103.20224719101124,12,"762,855","18,606",100.1,"17,972",94.1,"18,289",97.1,82,67,15
2015,Suns,W,1540.2925524390246,102.40243902439025,21,"693,862","16,923",91.9,"17,586",92.1,"17,254",92.0,82,23,59
2015,Thunder,W,1580.8519402439026,103.95121951219512,15,"746,323","18,203",100.0,"17,956",93.9,"18,079",96.9,82,55,27
2015,Timberwolves,W,1365.595607317073,97.7560975609756,29,"595,652","14,528",75.1,"18,000",94.2,"16,264",84.6,82,29,53
2015,Trailblazers,W,1616.8986747126435,102.27586206896552,8,"801,733","19,554",94.0,"17,657",92.9,"18,605",93.5,82,44,38
2015,Warriors,W,1725.5747640776697,108.59223300970874,7,"803,436","19,596",100.0,"18,312",96.2,"18,954",98.1,82,73,9
2015,Wizards,E,1538.8614413043479,98.81521739130434,13,"747,796","18,238",89.9,"18,253",95.0,"18,246",92.4,82,41,41
2016,76ers,E,1247.4934638414638,97.41463414634147,28,"610,121","14,881",73.2,"17,491",90.7,"16,186",81.7,82,28,54
2016,Bucks,E,1425.3245971585372,99.04878048780488,26,"621,808","15,166",81.0,"17,623",91.4,"16,394",86.3,82,42,40
2016,Bulls,E,1515.5648274146351,101.64634146341463,1,"894,659","21,820",104.3,"18,156",94.5,"19,988",99.6,82,41,41
2016,Cavaliers,E,1668.8862472815529,104.41747572815534,2,"843,042","20,562",100.0,"18,910",98.2,"19,736",99.1,82,51,31
2016,Celtics,E,1561.030873954545,104.9090909090909,13,"749,076","18,270",98.1,"17,439",90.5,"17,854",94.2,82,53,29
2016,Clippers,W,1626.2820226818187,104.07954545454545,10,"786,910","19,192",100.7,"17,792",93.6,"18,492",97.1,82,51,31
2016,Grizzlies,W,1520.7447179302328,98.25581395348837,24,"684,603","16,697",92.2,"17,589",92.1,"17,143",92.1,82,26,56
2016,Hawks,E,1564.3686676304344,102.54347826086956,22,"690,150","16,832",89.9,"17,611",91.0,"17,222",90.4,82,43,39
2016,Heat,E,1529.710363614583,99.58333333333333,6,"809,350","19,740",100.7,"18,044",93.9,"18,892",97.3,82,43,39
2016,Hornets,W,1512.202807067416,102.37078651685393,18,"716,894","17,485",91.7,"17,784",92.4,"17,634",92.0,82,41,41
2016,Jazz,W,1525.995522560975,97.6829268292683,9,"791,489","19,304",97.0,"17,378",91.6,"18,341",94.3,82,36,46
2016,Kings,W,1441.5420972682925,106.58536585365853,19,"707,526","17,256",99.7,"17,355",91.0,"17,306",95.1,82,51,31
2016,Lakers,W,1296.267145463415,97.34146341463415,5,"812,292","19,812",100.0,"18,440",96.0,"19,126",98.0,82,32,50
2016,Magic,E,1422.1147224512197,102.0609756097561,11,"778,877","18,997",99.7,"19,149",100.9,"19,073",100.3,82,31,51
2016,Mavericks,W,1529.965649689655,101.80459770114942,17,"719,275","17,543",93.1,"17,175",89.2,"17,359",91.1,82,29,53
2016,NY Knicks,E,1394.1587258780487,98.35365853658537,3,"825,901","20,143",104.9,"17,727",93.4,"18,935",99.2,82,33,49
2016,Nets,W,1365.7143712195123,98.64634146341463,27,"620,142","15,125",83.6,"18,106",93.6,"16,615",88.8,82,20,62
2016,Nuggets,W,1436.574984134146,101.89024390243902,30,"577,898","14,095",73.6,"17,751",93.2,"15,923",83.3,82,40,42
2016,Pacers,E,1532.324133808988,101.49438202247191,21,"690,733","16,847",92.7,"17,851",92.3,"17,349",92.5,82,42,40
2016,Pelicans,W,1459.05473597561,102.71951219512195,23,"688,549","16,793",97.7,"17,851",93.6,"17,322",95.5,82,34,48
2016,Pistons,E,1509.2627517790695,101.63953488372093,25,"677,138","16,515",74.8,"17,814",93.0,"17,164",83.3,82,37,45
2016,Raptors,E,1588.888992754902,100.88235294117646,4,"812,863","19,825",100.1,"17,162",89.2,"18,494",94.8,82,51,31
2016,Rockets,W,1530.1082190804593,105.66666666666667,15,"737,244","17,981",99.7,"17,740",93.3,"17,861",96.4,82,55,27
2016,Spurs,W,1749.7045362391314,103.3695652173913,12,"756,445","18,449",99.3,"17,938",94.4,"18,194",96.8,82,61,21
2016,Suns,W,1393.6006380121953,100.86585365853658,20,"701,405","17,107",92.9,"16,881",88.7,"16,994",90.7,82,24,58
2016,Thunder,W,1647.7268080000001,109.53,14,"746,323","18,203",100.0,"18,258",95.6,"18,230",97.8,82,47,35
2016,Timberwolves,W,1364.5777256707322,102.41463414634147,29,"581,178","14,175",73.2,"17,831",94.0,"16,003",83.5,82,31,51
2016,Trailblazers,W,1541.5632342150543,105.12903225806451,8,"794,085","19,367",99.6,"17,703",93.3,"18,535",96.5,82,41,41
2016,Warriors,W,1798.3236288207545,113.26415094339623,7,"803,436","19,596",100.0,"19,134",100.5,"19,365",100.3,82,67,15
2016,Wizards,E,1493.0284169268295,104.07317073170732,16,"725,426","17,693",87.3,"17,787",92.4,"17,740",89.8,82,49,33
2017,76ers,E,1332.7613358048782,102.4390243902439,18,"710,557","17,330",85.3,"17,209",89.7,"17,269",87.4,82,52,30
2017,Bucks,E,1481.5718013409094,102.9090909090909,27,"648,952","15,828",84.6,"17,928",92.8,"16,878",88.8,82,44,38
2017,Bulls,E,1491.5410918068192,102.43181818181819,1,"888,882","21,680",103.6,"18,033",94.0,"19,856",99.0,82,27,55
2017,Cavaliers,E,1641.0946502799998,111.4,2,"843,042","20,562",100.0,"19,021",98.7,"19,791",99.4,82,50,32
2017,Celtics,E,1575.0335693299996,107.51,12,"760,690","18,553",99.6,"18,313",94.6,"18,433",97.1,82,55,27
2017,Clippers,W,1609.548908370787,107.80898876404494,10,"782,609","19,088",100.1,"17,889",94.1,"18,488",97.1,82,42,40
2017,Grizzlies,W,1518.5087323863634,100.19318181818181,23,"677,314","16,519",91.2,"17,655",92.7,"17,087",91.9,82,35,47
2017,Hawks,E,1505.5605097954542,103.31818181818181,26,"654,306","15,958",85.2,"17,816",93.7,"16,887",89.5,82,22,60
2017,Heat,E,1512.8743220487804,103.17073170731707,7,"805,400","19,643",100.2,"17,818",92.4,"18,731",96.3,82,24,58
2017,Hornets,W,1518.4029901707315,104.89024390243902,17,"710,643","17,332",90.9,"17,563",91.3,"17,448",91.1,82,44,38
2017,Jazz,W,1586.8569618709682,100.36559139784946,6,"806,605","19,673",98.8,"17,212",90.5,"18,442",94.7,82,36,46
2017,Kings,W,1433.8111132682925,102.8048780487805,16,"721,928","17,608",100.6,"17,489",91.4,"17,548",95.8,82,48,34
2017,Lakers,W,1368.7400930609756,104.57317073170732,5,"810,741","19,774",99.8,"17,927",94.6,"18,850",97.3,82,27,55
2017,Magic,E,1400.862791439025,101.07317073170732,11,"776,917","18,949",99.4,"18,191",95.6,"18,570",97.5,82,29,53
2017,Mavericks,W,1446.3309456097556,97.91463414634147,15,"727,875","17,753",94.2,"17,333",89.6,"17,543",91.8,82,25,57
2017,NY Knicks,E,1419.4466591585362,104.34146341463415,4,"811,366","19,789",103.1,"17,519",91.9,"18,654",97.5,82,24,58
2017,Nets,W,1311.3201391951222,105.76829268292683,28,"632,608","15,429",85.2,"17,755",92.1,"16,592",88.8,82,28,54
2017,Nuggets,W,1479.0328516463417,111.71951219512195,30,"605,585","14,770",77.1,"17,420",91.7,"16,095",84.4,82,46,36
2017,Pacers,E,1499.8214993139536,105.27906976744185,22,"684,578","16,697",91.9,"17,848",92.1,"17,272",92.0,82,48,34
2017,Pelicans,W,1418.991858536585,104.34146341463415,24,"663,099","16,173",94.1,"18,062",94.6,"17,118",94.4,82,48,34
2017,Pistons,E,1490.3545002804874,101.32926829268293,25,"655,141","15,979",72.4,"17,699",92.6,"16,839",81.8,82,39,43
2017,Raptors,E,1588.0277650760859,105.75,3,"813,050","19,830",100.2,"17,925",92.8,"18,878",96.5,82,59,23
2017,Rockets,W,1612.1647229032258,114.44086021505376,21,"695,903","16,973",94.1,"18,140",95.3,"17,556",94.7,82,65,17
2017,Spurs,W,1694.8560017959185,105.61224489795919,13,"755,347","18,423",99.2,"18,131",95.4,"18,277",97.2,82,47,35
2017,Suns,W,1362.0350191951215,107.6951219512195,19,"708,639","17,283",93.8,"17,618",92.5,"17,451",93.2,82,21,61
2017,Thunder,W,1591.7988848965515,106.45977011494253,14,"746,323","18,203",100.0,"18,373",96.4,"18,288",98.2,82,48,34
2017,Timberwolves,W,1452.6340135243902,105.57317073170732,29,"607,203","14,809",76.5,"18,113",95.4,"16,461",85.9,82,47,35
2017,Trailblazers,W,1521.703195744186,107.63953488372093,9,"792,029","19,317",99.4,"17,555",92.2,"18,436",95.8,82,49,33
2017,Warriors,W,1758.1216153737375,116.47474747474747,8,"803,436","19,596",100.0,"19,015",100.3,"19,305",100.2,82,58,24
2017,Wizards,E,1547.5015653052628,109.03157894736842,20,"697,107","17,002",83.8,"17,949",93.5,"17,476",88.5,82,43,39
2018,76ers,E,1527.1002098586962,109.69565217391305,3,"833,503","20,329",100.0,"18,012",93.6,"19,185",96.9,82,51,31
2018,Bucks,E,1511.459703337079,106.11235955056179,24,"685,303","16,714",89.3,"18,380",95.2,"17,547",92.3,82,60,22
2018,Bulls,E,1415.496572768293,102.92682926829268,1,"851,824","20,776",99.3,"18,030",94.4,"19,403",97.0,82,22,60
2018,Cavaliers,E,1574.976019894231,108.8076923076923,2,"843,042","20,562",100.0,"19,071",99.5,"19,825",99.8,82,19,63
2018,Celtics,E,1588.8359516336634,103.51485148514851,11,"744,960","18,624",100.0,"18,588",98.1,"18,606",99.0,82,49,33
2018,Clippers,W,1544.4550097073172,108.98780487804878,22,"697,812","17,019",89.3,"17,735",93.7,"17,373",91.4,82,48,34
2018,Grizzlies,W,1407.0487816707316,99.32926829268293,28,"653,863","15,947",88.0,"17,348",91.2,"16,648",89.7,82,37,45
2018,Hawks,E,1387.7251396219508,103.35365853658537,30,"590,769","14,409",76.9,"17,854",92.7,"16,088",84.7,82,33,49
2018,Heat,E,1516.5590568160924,103.41379310344827,6,"785,250","19,631",100.2,"18,177",94.5,"18,895",97.3,82,29,53
2018,Hornets,W,1474.7535990000001,108.21951219512195,26,"671,404","16,375",85.8,"17,623",91.6,"16,999",88.7,82,39,43
2018,Jazz,W,1584.5181737419352,103.93548387096774,15,"734,806","17,922",90.0,"17,495",92.5,"17,708",91.2,82,39,43
2018,Kings,W,1357.5641749390247,98.82926829268293,18,"649,571","17,555",100.3,"17,478",91.8,"17,515",95.7,82,50,32
2018,Lakers,W,1429.7654415,108.07317073170732,9,"792,608","19,331",97.6,"18,179",94.8,"18,762",96.2,82,39,43
2018,Magic,E,1383.097672109756,103.40243902439025,10,"776,327","18,934",99.3,"18,655",98.6,"18,796",99.0,82,17,65
2018,Mavericks,W,1424.485449390244,102.3170731707317,17,"715,728","17,893",94.9,"17,651",91.9,"17,770",93.4,82,42,40
2018,NY Knicks,E,1426.1390178292684,104.46341463414635,5,"811,453","19,791",103.1,"17,374",91.5,"18,597",97.4,82,33,49
2018,Nets,W,1396.7084009024388,106.59756097560975,29,"622,278","15,556",87.7,"17,687",93.5,"16,622",90.7,82,42,40
2018,Nuggets,W,1542.2020794024386,110.0,20,"702,796","17,141",89.5,"17,871",94.0,"17,506",91.7,82,54,28
2018,Pacers,E,1536.0086834943818,105.1685393258427,27,"658,119","16,051",88.4,"17,749",91.8,"16,889",90.1,82,48,34
2018,Pelicans,W,1530.0065240769234,111.54945054945055,25,"673,920","16,437",95.6,"17,911",93.9,"17,174",94.7,82,33,49
2018,Pistons,E,1476.7414972682927,103.76829268292683,19,"713,945","17,413",82.9,"17,959",93.7,"17,686",88.1,82,41,41
2018,Raptors,E,1642.746028739131,111.18478260869566,4,"813,431","19,839",100.2,"17,673",92.0,"18,756",96.2,82,58,24
2018,Rockets,W,1689.9099280909086,111.08080808080808,16,"716,008","17,900",99.2,"18,369",96.7,"18,137",97.9,82,53,29
2018,Spurs,W,1589.1776100689654,102.39080459770115,12,"754,562","18,403",99.0,"18,427",97.1,"18,415",98.1,82,48,34
2018,Suns,W,1330.646768719512,103.92682926829268,23,"674,655","16,866",91.6,"17,610",92.4,"17,243",92.0,82,19,63
2018,Thunder,W,1564.7782573863637,107.39772727272727,13,"746,323","18,203",100.0,"18,866",99.2,"18,534",99.6,82,49,33
2018,Timberwolves,W,1538.3631270229887,109.05747126436782,21,"699,308","17,056",89.9,"17,850",93.8,"17,453",91.9,82,36,46
2018,Trailblazers,W,1559.2652890581398,105.61627906976744,8,"795,328","19,398",99.8,"17,556",92.7,"18,477",96.3,82,53,29
2018,Warriors,W,1703.2765201067962,112.84466019417475,7,"803,436","19,596",100.0,"18,884",99.6,"19,240",99.8,82,57,25
2018,Wizards,E,1542.085501102273,106.64772727272727,14,"718,946","17,973",88.6,"17,682",92.1,"17,826",90.3,82,32,50
2019,76ers,E,1596.9118881489362,114.35106382978724,1,"838,092","20,441",100.6,"17,895",94.3,"19,168",97.5,73,43,30
2019,Bucks,E,1660.2894981030934,117.29896907216495,17,"721,692","17,602",101.5,"18,185",95.9,"17,893",98.6,73,56,17
2019,Bulls,E,1327.9948543170728,104.9390243902439,2,"823,475","20,084",96.0,"17,822",94.7,"18,953",95.4,65,22,43
2019,Cavaliers,E,1365.4280905,104.47560975609755,8,"793,337","19,349",99.6,"17,632",92.6,"18,490",96.1,65,19,46
2019,Celtics,E,1590.6199780769232,111.37362637362638,11,"763,584","18,624",100.0,"18,671",97.5,"18,647",98.8,72,48,24
2019,Clippers,W,1535.1167577840906,115.11363636363636,20,"710,327","17,325",90.9,"17,233",92.1,"17,279",91.5,72,49,23
2019,Grizzlies,W,1427.5926208292685,103.53658536585365,26,"607,564","15,578",86.0,"17,579",93.3,"16,604",89.8,71,52,19
2019,Hawks,E,1360.4770076463417,113.34146341463415,27,"628,440","15,327",81.8,"17,786",93.7,"16,557",87.8,73,34,39
2019,Heat,E,1480.984375097561,105.70731707317073,5,"805,264","19,640",100.2,"18,176",95.5,"18,908",97.9,67,20,47
2019,Hornets,W,1486.7516903048784,110.7439024390244,23,"676,570","16,501",86.5,"17,648",92.8,"17,074",89.7,73,44,29
2019,Jazz,W,1594.9809171724141,110.91954022988506,14,"750,546","18,306",100.0,"17,517",93.0,"17,911",96.4,65,23,42
2019,Kings,W,1462.336421878049,114.1829268292683,21,"700,975","17,096",97.7,"17,199",91.1,"17,148",94.3,72,44,28
2019,Lakers,W,1493.7314556585366,111.76829268292683,9,"779,087","19,002",95.9,"17,566",93.4,"18,284",94.7,72,31,41
2019,Magic,E,1457.9837344712644,106.4367816091954,10,"778,877","18,997",99.7,"18,862",100.3,"18,929",100.0,66,21,45
2019,Mavericks,W,1451.5087841707318,108.86585365853658,18,"720,024","17,561",93.2,"17,659",92.4,"17,610",92.8,73,33,40
2019,NY Knicks,E,1323.2956396951222,104.57317073170732,3,"820,569","20,013",104.2,"18,073",95.9,"19,043",100.1,75,43,32
2019,Nets,W,1466.775961988506,112.19540229885058,30,"612,597","14,941",84.3,"18,085",94.7,"16,513",89.7,72,35,37
2019,Nuggets,W,1598.3889272604167,110.44791666666667,12,"756,457","18,450",94.5,"17,474",93.6,"17,962",94.1,73,46,27
2019,Pacers,E,1580.6383748372095,107.25581395348837,22,"689,310","16,812",92.6,"17,957",93.7,"17,377",93.1,73,45,28
2019,Pelicans,W,1521.8247923902434,115.4390243902439,25,"656,183","16,004",93.1,"17,667",93.4,"16,835",93.3,72,30,42
2019,Pistons,E,1487.1279512093024,106.62790697674419,24,"675,963","16,486",78.5,"17,819",94.1,"17,153",85.9,66,20,46
2019,Raptors,E,1643.7034404716983,112.66037735849056,4,"812,822","19,824",100.1,"18,239",95.7,"19,032",98.0,72,53,19
2019,Rockets,W,1625.9428064623658,113.27956989247312,16,"740,392","18,058",100.1,"17,921",95.0,"17,989",97.5,72,44,28
2019,Spurs,W,1546.2855437752814,111.0,13,"750,616","18,307",98.5,"17,381",92.3,"17,844",95.4,71,32,39
2019,Suns,W,1298.094038963415,107.5,29,"627,023","15,293",83.0,"17,982",95.3,"16,638",89.2,73,34,39
2019,Thunder,W,1592.4527074252874,113.94252873563218,15,"746,323","18,203",100.0,"17,866",94.7,"18,034",97.3,72,44,28
2019,Timberwolves,W,1508.7096391707319,112.47560975609755,28,"627,543","15,305",80.7,"17,641",93.7,"16,473",87.1,64,19,45
2019,Trailblazers,W,1604.3347559693873,113.84693877551021,7,"799,345","19,496",100.3,"17,992",96.1,"18,753",98.2,74,35,39
2019,Warriors,W,1661.3399351442308,116.9326923076923,6,"803,436","19,596",108.5,"18,790",100.0,"19,193",104.2,65,15,50
2019,Wizards,E,1457.6158119268289,114.02439024390245,19,"716,996","17,487",86.2,"17,509",91.8,"17,498",89.0,72,25,47
